category,image,link,name,price,website
guitarras,https://cdn.soundsmarket.com/CLN5wTy7BlqrlFg0IXnRgWgIUP0I-PKY40jEAs9l4h8/rs:fill:175:144/g:sm/czM6Ly9zb3VuZHNtYXJrZXQtaW1hZ2VzL2Fkcy81MjgwMl9oaWdoLmpwZw,https://soundsmarket.com/anuncios/esp-ltd-truckster-52802,ESP LTD TRUCKSTER,800.00,soundmarket
guitarras,https://cdn.soundsmarket.com/yr_1kozQnX3H-YaDgvODNwo2UZrw5PSoh-_IzfmdnHg/rs:fill:175:144/g:sm/czM6Ly9zb3VuZHNtYXJrZXQtaW1hZ2VzL2Fkcy81MjgwMV9oaWdoLmpwZw,https://soundsmarket.com/anuncios/ibanez-jem-505-made-in-japan-52801,IBANEZ JEM 505. Made in Japan,900.00,soundmarket
guitarras,https://cdn.soundsmarket.com/YRTEJzyxtkFLfMHFgvbuwlYzFE6TnLQxVRsHt8Kb4kw/rs:fill:175:144/g:sm/czM6Ly9zb3VuZHNtYXJrZXQtaW1hZ2VzL2Fkcy81NTg3M19oaWdoLmpwZw,https://soundsmarket.com/anuncios/guitarra-con-amplificador-vectronix-y-looper-55873,Guitarra con amplificador Vectronix y looper,550.00,soundmarket
guitarras,https://cdn.soundsmarket.com/MI_vwealkKvzNBYOoN6mxEodKtLAghz1VHzgws5Gbz8/rs:fill:175:144/g:sm/czM6Ly9zb3VuZHNtYXJrZXQtaW1hZ2VzL2Fkcy81NTg2N19oaWdoLmpwZw,https://soundsmarket.com/anuncios/gretsch-g2655t-55867,Gretsch G2655t,320.95,soundmarket
guitarras,https://cdn.soundsmarket.com/n9nWI4gwFscYI6jCMShdLQFZ3aTk-jI_BKqjXLvPNkA/rs:fill:175:144/g:sm/czM6Ly9zb3VuZHNtYXJrZXQtaW1hZ2VzL2Fkcy81NTg2Ml9oaWdoLmpwZw,https://soundsmarket.com/anuncios/gibson-sg-standard-2021-red-heritage-55862,Gibson Sg Standard 2021 Red Heritage.,1250.00,soundmarket
guitarras,https://cdn.soundsmarket.com/dy10x9UAelFDWV7a_JQrhEY9v0plpyvETIYuvCMwGQI/rs:fill:175:144/g:sm/czM6Ly9zb3VuZHNtYXJrZXQtaW1hZ2VzL2Fkcy81MTk4Nl9oaWdoLmpwZw,https://soundsmarket.com/anuncios/master-guitars-serie-22-no-001-51986,Master Guitars - Serie 22 - Nº 001,4200.00,soundmarket
guitarras,https://cdn.soundsmarket.com/6OfNMYCQzZTikwp_J9dUS79EAadzY8AlCUFhw2vmg-c/rs:fill:175:144/g:sm/czM6Ly9zb3VuZHNtYXJrZXQtaW1hZ2VzL2Fkcy81NTg1NV9oaWdoLmpwZw,https://soundsmarket.com/anuncios/epiphone-sg-g-400-pro-black-55855,Epiphone SG G-400 Pro Black,350.00,soundmarket
guitarras,https://cdn.soundsmarket.com/dgOg-idYuHzdq40UNjSWuGvQr9Pj8W99QJHgbYWL2_4/rs:fill:175:144/g:sm/czM6Ly9zb3VuZHNtYXJrZXQtaW1hZ2VzL2Fkcy81NTg1M19oaWdoLmpwZw,https://soundsmarket.com/anuncios/cigar-box-guitar-55853,Cigar Box Guitar,200.00,soundmarket
guitarras,https://cdn.soundsmarket.com/IwPwzrYVuoHdm7htA--h74wShnt0QQZipncyOh0HdVo/rs:fill:175:144/g:sm/czM6Ly9zb3VuZHNtYXJrZXQtaW1hZ2VzL2Fkcy81NTgzNF9oaWdoLmpwZw,https://soundsmarket.com/anuncios/vox-stratstream-55834,Vox Stratstream,516.95,soundmarket
guitarras,https://cdn.soundsmarket.com/iMeKD1Ie5_W_0J7amC0dooX5O7T5Pv-EkfrZ_g-YPxc/rs:fill:175:144/g:sm/czM6Ly9zb3VuZHNtYXJrZXQtaW1hZ2VzL2Fkcy81NTgyN19oaWdoLmpwZw,https://soundsmarket.com/anuncios/guitarra-schecter-55827,Guitarra Schecter,600.00,soundmarket
guitarras,https://cdn.soundsmarket.com/jf4TAxN_diJzGw41FaQ0pNbAC4ysYk0OO54cVm3FiuU/rs:fill:175:144/g:sm/czM6Ly9zb3VuZHNtYXJrZXQtaW1hZ2VzL2Fkcy81NTgyNl9oaWdoLmpwZw,https://soundsmarket.com/anuncios/guitarra-eschecter-55826,Guitarra Eschecter,600.00,soundmarket
guitarras,https://cdn.soundsmarket.com/jzuEVCnU4b0smLQW7jr0Me1fGT9Pwz61fbgKmK14cfQ/rs:fill:175:144/g:sm/czM6Ly9zb3VuZHNtYXJrZXQtaW1hZ2VzL2Fkcy81NTgwOF9oaWdoLmpwZw,https://soundsmarket.com/anuncios/fernandes-dragonfly-x-55808,Fernandes Dragonfly X,201.95,soundmarket
guitarras,https://cdn.soundsmarket.com/Vq3PgYp9qtdxU0XuuUuMbgNwTFXCDi3mmaN2qeetNeo/rs:fill:175:144/g:sm/czM6Ly9zb3VuZHNtYXJrZXQtaW1hZ2VzL2Fkcy81MTI5Nl9oaWdoLmpwZw,https://soundsmarket.com/anuncios/guitarra-jazzmaster-luthier-marquez-51296,Guitarra Jazzmaster Luthier Márquez,1290.00,soundmarket
guitarras,https://cdn.soundsmarket.com/dGFQU4fgNjej-UfYQf436qVmMVNLg6PUGeQqbw-g3xQ/rs:fill:175:144/g:sm/czM6Ly9zb3VuZHNtYXJrZXQtaW1hZ2VzL2Fkcy81MTI5N19oaWdoLmpwZw,https://soundsmarket.com/anuncios/guitarra-jazzmaster-luthier-marquez-51297,Guitarra Jazzmaster Luthier Márquez,1290.00,soundmarket
guitarras,https://cdn.soundsmarket.com/t7eJuqCfpmoAngwNKgzVmpkX9ylxoAq3xvieR86KdBE/rs:fill:175:144/g:sm/czM6Ly9zb3VuZHNtYXJrZXQtaW1hZ2VzL2Fkcy81MzY5OF9oaWdoLmpwZw,https://soundsmarket.com/anuncios/fender-mij-traditional-60s-stratocaster-2017-53698,Fender MIJ Traditional 60s Stratocaster 2017,995.00,soundmarket
guitarras,https://cdn.soundsmarket.com/0u2OvU_DkiJR7Ndd-y0AxyruWjDCkf8s5VSkerrdqJc/rs:fill:175:144/g:sm/czM6Ly9zb3VuZHNtYXJrZXQtaW1hZ2VzL2Fkcy81MjM5N19oaWdoLmpwZw,https://soundsmarket.com/anuncios/vht-especial-6-ultra-amplificador-de-valvula-cableado-a-mano-52397,VHT Especial 6 Ultra. Amplificador de válvula cableado a mano.,300.00,soundmarket
guitarras,https://cdn.soundsmarket.com/GIJIRbUQtzHggAEePXjWszay4B94qJT6GoZ9Cais818/rs:fill:175:144/g:sm/czM6Ly9zb3VuZHNtYXJrZXQtaW1hZ2VzL2Fkcy81NTc5Nl9oaWdoLmpwZw,https://soundsmarket.com/anuncios/modelo-telecaster-55796,Modelo telecaster,275.00,soundmarket
guitarras,https://cdn.soundsmarket.com/62jY-llC_ZCOqGD68a8FcPyheSzYUtsk_eqJQ7k2vBQ/rs:fill:175:144/g:sm/czM6Ly9zb3VuZHNtYXJrZXQtaW1hZ2VzL2Fkcy81NTc4OV9oaWdoLmpwZw,https://soundsmarket.com/anuncios/epiphone-special-ii-black-55789,Epiphone Special II Black,233.95,soundmarket
guitarras,https://cdn.soundsmarket.com/iSNK9VcP8fTbgIh0inylXCLEGxTSi_pNj7pbdWFkV2w/rs:fill:175:144/g:sm/czM6Ly9zb3VuZHNtYXJrZXQtaW1hZ2VzL2Fkcy81NTc4OF9oaWdoLmpwZw,https://soundsmarket.com/anuncios/schecter-omen-8-55788,Schecter Omen 8,466.95,soundmarket
guitarras,https://cdn.soundsmarket.com/Yb9TvkqCkcJDmnClwX7HmXk7AeBjtVaxdSvmg5aBLb0/rs:fill:175:144/g:sm/czM6Ly9zb3VuZHNtYXJrZXQtaW1hZ2VzL2Fkcy81NTc3MV9oaWdoLmpwZw,https://soundsmarket.com/anuncios/gretsch-g2622-p90-55771,Gretsch G2622-P90,283.95,soundmarket
guitarras,https://cdn.soundsmarket.com/1Rk4-d_GtILqGpJXiWN83R7BTuo7zoKcFlkbru_n2Bo/rs:fill:175:144/g:sm/czM6Ly9zb3VuZHNtYXJrZXQtaW1hZ2VzL2Fkcy81MjkzM19oaWdoLmpwZw,https://soundsmarket.com/anuncios/guitarra-electrica-tipo-floyd-rose-52933,Guitarra eléctrica tipo Floyd Rose,360.00,soundmarket
guitarras,https://cdn.soundsmarket.com/fc-NAOH_tWvW-WRLYZvzpMwva2J3-G8Pr4yOgrWK6u8/rs:fill:175:144/g:sm/czM6Ly9zb3VuZHNtYXJrZXQtaW1hZ2VzL2Fkcy81NTczN19oaWdoLmpwZw,https://soundsmarket.com/anuncios/gretsch-g5230t-electromatic-jet-55737,Gretsch G5230t Electromatic Jet,446.95,soundmarket
guitarras,https://cdn.soundsmarket.com/hPov7Q-RU3PK0aWV277AH8TpVMSoEJ7vEc20aADSwhA/rs:fill:175:144/g:sm/czM6Ly9zb3VuZHNtYXJrZXQtaW1hZ2VzL2Fkcy81NTczMl9oaWdoLmpwZw,https://soundsmarket.com/anuncios/guitarra-danelectro-dc-59-keen-green-55732,Guitarra Danelectro DC-59 Keen Green,349.00,soundmarket
guitarras,https://cdn.soundsmarket.com/uNHPoDWFg87eCSvX2QnRQLESaHalb-sL1HQuAgtgAPE/rs:fill:175:144/g:sm/czM6Ly9zb3VuZHNtYXJrZXQtaW1hZ2VzL2Fkcy81MzI2OV9oaWdoLmpwZw,https://soundsmarket.com/anuncios/epiphone-les-paul-standard-50-vss-53269,Epiphone Les Paul Standard 50 VSS,500.00,soundmarket
guitarras,https://cdn.soundsmarket.com/0oNjQD0uMyUAIokuBfqVLI9lbBaAjTcgQthX4hdObgE/rs:fill:175:144/g:sm/czM6Ly9zb3VuZHNtYXJrZXQtaW1hZ2VzL2Fkcy81NTcwNF9oaWdoLmpwZw,https://soundsmarket.com/anuncios/gibson-sg-standard-usa-55704,Gibson Sg Standard Usa,1224.95,soundmarket
guitarras,https://cdn.soundsmarket.com/aUzPfwDpDwQ0-W4ZrADfzWtyudQiFLsODrNgeUK7YHc/rs:fill:175:144/g:sm/czM6Ly9zb3VuZHNtYXJrZXQtaW1hZ2VzL2Fkcy81NTY4OF9oaWdoLmpwZw,https://soundsmarket.com/anuncios/gibson-sg-tribute-55688,Gibson SG Tribute,849.00,soundmarket
guitarras,https://cdn.soundsmarket.com/s_kGS1ERanVxkV7g1S-Ax9rIuJujbAoh7V3RdoROOzA/rs:fill:175:144/g:sm/czM6Ly9zb3VuZHNtYXJrZXQtaW1hZ2VzL2Fkcy81NTY4MF9oaWdoLmpwZw,https://soundsmarket.com/anuncios/pedido-especial-de-gibson-custom-shop-58-les-paul-55680,Pedido especial de Gibson Custom Shop '58 Les Paul,2000.00,soundmarket
guitarras,https://cdn.soundsmarket.com/CHnyumWdhDGSdwlzhafB1QoycGxqppvdTBR6FKfw6aA/rs:fill:175:144/g:sm/czM6Ly9zb3VuZHNtYXJrZXQtaW1hZ2VzL2Fkcy81NTY3MF9oaWdoLmpwZw,https://soundsmarket.com/anuncios/washburn-nuno-bettencourt-signature-model-55670,Washburn Nuno Bettencourt Signature Model,293.95,soundmarket
guitarras,https://cdn.soundsmarket.com/HTz3iHimdNzGGkpIYdtlIMUSFVFlReJ91ZwhI5YmanY/rs:fill:175:144/g:sm/czM6Ly9zb3VuZHNtYXJrZXQtaW1hZ2VzL2Fkcy81NTY2OV9oaWdoLmpwZw,https://soundsmarket.com/anuncios/yamaha-pacifica-112j-55669,Yamaha Pacifica 112j,190.95,soundmarket
guitarras,https://cdn.soundsmarket.com/xT-WG3XpdpF7qMTqAde3ZDXfpk_iNyfDSvhQk7Fmqis/rs:fill:175:144/g:sm/czM6Ly9zb3VuZHNtYXJrZXQtaW1hZ2VzL2Fkcy81NTY1MF9oaWdoLmpwZw,https://soundsmarket.com/anuncios/yamaha-pacifica-pac112v-55650,Yamaha Pacifica Pac112v,233.95,soundmarket
guitarras,https://cdn.soundsmarket.com/wIMZKO-0OavJUIXJ_LoHsMfbWS6-eVnesGfgi8q5d_A/rs:fill:175:144/g:sm/czM6Ly9zb3VuZHNtYXJrZXQtaW1hZ2VzL2Fkcy81NTYyMl9oaWdoLmpwZw,https://soundsmarket.com/anuncios/squier-stratocaster-mejorada-55622,Squier Stratocaster Mejorada,210.00,soundmarket
guitarras,https://cdn.soundsmarket.com/-8c-beOkAguS8srklktszaaAUQZnWaWUHsWNN58NFB4/rs:fill:175:144/g:sm/czM6Ly9zb3VuZHNtYXJrZXQtaW1hZ2VzL2Fkcy81NTYyMV9oaWdoLmpwZw,https://soundsmarket.com/anuncios/squier-50-aniversario-55621,Squier 50 Aniversario,293.95,soundmarket
guitarras,https://cdn.soundsmarket.com/6PyXm1JRwdkmdIFfi-CqU_sKn1rS166Djw7PiNzFjDM/rs:fill:175:144/g:sm/czM6Ly9zb3VuZHNtYXJrZXQtaW1hZ2VzL2Fkcy81NTU3NF9oaWdoLmpwZw,https://soundsmarket.com/anuncios/fender-squier-strat-55574,Fender Squier Strat,170.95,soundmarket
guitarras,https://cdn.soundsmarket.com/Db02UjywCd-gDWBQ4mqE3osS2F1VzyfK3-vLDBMuztM/rs:fill:175:144/g:sm/czM6Ly9zb3VuZHNtYXJrZXQtaW1hZ2VzL2Fkcy81NTU3M19oaWdoLmpwZw,https://soundsmarket.com/anuncios/fender-player-series-tele-mn-lp-55573,Fender Player Series Tele Mn Lp,588.95,soundmarket
guitarras,https://cdn.soundsmarket.com/vdYxTpA5cK6qDL9uE78Myz6BdiHjrpSFtv1t1AGx0us/rs:fill:175:144/g:sm/czM6Ly9zb3VuZHNtYXJrZXQtaW1hZ2VzL2Fkcy81NTU1Ml9oaWdoLmpwZw,https://soundsmarket.com/anuncios/gretsch-g2420-55552,Gretsch G2420,303.95,soundmarket
guitarras,https://cdn.soundsmarket.com/9dVDguDuXZ588bBWhmlgtX9eb-MNP70_JLhb55oWmvs/rs:fill:175:144/g:sm/czM6Ly9zb3VuZHNtYXJrZXQtaW1hZ2VzL2Fkcy81NTU0N19oaWdoLmpwZw,https://soundsmarket.com/anuncios/yamaha-rgx211m-55547,Yamaha RGX211m,176.95,soundmarket
guitarras,https://cdn.soundsmarket.com/a3aMtEZW07zyKYhNsEE6GyzIbMFv0ub0c-bcPNf7nu8/rs:fill:175:144/g:sm/czM6Ly9zb3VuZHNtYXJrZXQtaW1hZ2VzL2Fkcy81NTU0Nl9oaWdoLmpwZw,https://soundsmarket.com/anuncios/squier-telecaster-by-fender-55546,Squier Telecaster By Fender,249.95,soundmarket
guitarras,https://cdn.soundsmarket.com/wLzFDpe2ITwQzSIbCIpIWLunskQKyV5-w3KoqYNUM9A/rs:fill:175:144/g:sm/czM6Ly9zb3VuZHNtYXJrZXQtaW1hZ2VzL2Fkcy81NTU0NV9oaWdoLmpwZw,https://soundsmarket.com/anuncios/oqan-st25-55545,Oqan St25,140.95,soundmarket
guitarras,https://cdn.soundsmarket.com/Em1qNd7krr_9sGe3P8XKaoBNh2pbvKqUQfGAPz6hQjo/rs:fill:175:144/g:sm/czM6Ly9zb3VuZHNtYXJrZXQtaW1hZ2VzL2Fkcy81NTQ5OF9oaWdoLmpwZw,https://soundsmarket.com/anuncios/mercadillo-guitarras-55498,Mercadillo guitarras,12000.00,soundmarket
guitarras,https://cdn.soundsmarket.com/YgwhgJG_EeJ3ROlJDyF3RpB9mLL0XfvblxoH-2gsqw4/rs:fill:175:144/g:sm/czM6Ly9zb3VuZHNtYXJrZXQtaW1hZ2VzL2Fkcy81NTIzNF9oaWdoLmpwZw,https://soundsmarket.com/anuncios/ibanez-rg470-negro-55234,Ibáñez RG470 Negro,500.00,soundmarket
guitarras,https://cdn.soundsmarket.com/bsiZENuPjVisg-nNdHQcVuJKnm0s4EzQD4Q_0pA9x-k/rs:fill:175:144/g:sm/czM6Ly9zb3VuZHNtYXJrZXQtaW1hZ2VzL2Fkcy81NTQ3OF9oaWdoLmpwZw,https://soundsmarket.com/anuncios/samick-greg-bennett-55478,Samick Greg Bennett,140.95,soundmarket
guitarras,https://cdn.soundsmarket.com/kx_DFywPaYr8SKZ5d-T20YeJn_Oe9SjLMewKig8TTXc/rs:fill:175:144/g:sm/czM6Ly9zb3VuZHNtYXJrZXQtaW1hZ2VzL2Fkcy81NTQ2MF9oaWdoLmpwZw,https://soundsmarket.com/anuncios/ofusa-sin-modelo-55460,Ofusa Sin Modelo,130.95,soundmarket
guitarras,https://cdn.soundsmarket.com/lhI8d5nYHIkRhKytobm8sAF9gb6P3jZQgThekZxZawM/rs:fill:175:144/g:sm/czM6Ly9zb3VuZHNtYXJrZXQtaW1hZ2VzL2Fkcy81NTQ1OV9oaWdoLmpwZw,https://soundsmarket.com/anuncios/ofusa-sin-modelo-55459,Ofusa Sin Modelo,130.95,soundmarket
guitarras,https://cdn.soundsmarket.com/5fMBMwALagGeOmuiiP1_cePwY7rGyBURaIAzfBN3Q2Y/rs:fill:175:144/g:sm/czM6Ly9zb3VuZHNtYXJrZXQtaW1hZ2VzL2Fkcy81NTQ1MV9oaWdoLmpwZw,https://soundsmarket.com/anuncios/aria-mac-series-55451,Aria Mac Series,249.95,soundmarket
guitarras,https://cdn.soundsmarket.com/2Cjgm_-qSZiA9W4rYuHbNUL__Yo2kEkFR8-92GMUy9w/rs:fill:175:144/g:sm/czM6Ly9zb3VuZHNtYXJrZXQtaW1hZ2VzL2Fkcy81NTQwM19oaWdoLmpwZw,https://soundsmarket.com/anuncios/fender-american-professional-ii-zurda-left-55403,Fender American Professional II Zurda (left),1424.95,soundmarket
guitarras,https://cdn.soundsmarket.com/qhzQbsGz8e62FnCYcNCtbEGtkzT20vTkrZGv5ZNYZHA/rs:fill:175:144/g:sm/czM6Ly9zb3VuZHNtYXJrZXQtaW1hZ2VzL2Fkcy81NTM5M19oaWdoLmpwZw,https://soundsmarket.com/anuncios/fender-evh-5150-series-deluxe-qm-eb-purple-daze-55393,Fender Evh 5150 Series Deluxe Qm Eb Purple Daze,818.95,soundmarket
guitarras,https://cdn.soundsmarket.com/ARDhIfN7YM_KBHxtR129YBI6_C_QMIolj4TNQ_aLetI/rs:fill:175:144/g:sm/czM6Ly9zb3VuZHNtYXJrZXQtaW1hZ2VzL2Fkcy81NTMzMl9oaWdoLmpwZw,https://soundsmarket.com/anuncios/guitarra-electrica-ayson-stratocaster-azul-55332,Guitarra eléctrica Ayson stratocaster azul,143.00,soundmarket
guitarras,https://cdn.soundsmarket.com/qBpvOe6vHaP_rpEumSkyMNyweDlDEIjFdDCDkOTgeh0/rs:fill:175:144/g:sm/czM6Ly9zb3VuZHNtYXJrZXQtaW1hZ2VzL2Fkcy81NTMyNV9oaWdoLmpwZw,https://soundsmarket.com/anuncios/fender-telecaster-standard-2010-blacktop-55325,Fender Telecaster Standard 2010 BlackTop,620.00,soundmarket
guitarras,https://cdn.soundsmarket.com/l3U0asN5PbDH6lG-IDniHJCR1xnppX8TvcSKzW54jaQ/rs:fill:175:144/g:sm/czM6Ly9zb3VuZHNtYXJrZXQtaW1hZ2VzL2Fkcy81NTI5NV9oaWdoLmpwZw,https://soundsmarket.com/anuncios/ibanez-gio-55295,Ibanez Gio,161.95,soundmarket
guitarras,https://cdn.soundsmarket.com/D_fJIh0SQZ_zlP3-fn6KGczvki5QFO6tKfGmN4nzeyQ/rs:fill:175:144/g:sm/czM6Ly9zb3VuZHNtYXJrZXQtaW1hZ2VzL2Fkcy81NTI5MF9oaWdoLmpwZw,https://soundsmarket.com/anuncios/ibanez-grx-170-55290,Ibanez Grx 170,146.95,soundmarket
guitarras,https://cdn.soundsmarket.com/PRKL-QqfAP6yIYEBw1JC1c3rEIjYPFMip44LmueCdIE/rs:fill:175:144/g:sm/czM6Ly9zb3VuZHNtYXJrZXQtaW1hZ2VzL2Fkcy81NTI4NV9oaWdoLmpwZw,https://soundsmarket.com/anuncios/gl-legacy-tribute-series-55285,G&L Legacy Tribute Series,410.95,soundmarket
guitarras,https://cdn.soundsmarket.com/OJ0enjPbruCHLjprpS17-ukXRSrS7l-ITdyiIWvKt7k/rs:fill:175:144/g:sm/czM6Ly9zb3VuZHNtYXJrZXQtaW1hZ2VzL2Fkcy81NTI4MV9oaWdoLmpwZw,https://soundsmarket.com/anuncios/suhr-modern-55281,Suhr Modern,2534.95,soundmarket
guitarras,https://cdn.soundsmarket.com/JwPLR6FxeveNv0hNl5mce1Cu_K_rDkGJb4IFRMZyMd8/rs:fill:175:144/g:sm/czM6Ly9zb3VuZHNtYXJrZXQtaW1hZ2VzL2Fkcy81NTI4MF9oaWdoLmpwZw,https://soundsmarket.com/anuncios/jet-jl-500-55280,Jet Jl-500,279.95,soundmarket
guitarras,https://cdn.soundsmarket.com/VUGe-NtKEhyp9luthVJNxltuAE5n0VJHUQ0hT4tFxAI/rs:fill:175:144/g:sm/czM6Ly9zb3VuZHNtYXJrZXQtaW1hZ2VzL2Fkcy81NTI3NV9oaWdoLmpwZw,https://soundsmarket.com/anuncios/epiphone-les-paul-studio-lt-55275,Epiphone Les Paul Studio Lt,210.95,soundmarket
guitarras,https://cdn.soundsmarket.com/G7FUAu53Ok9wVKBkPn-VsWw3Cor9NEHImMyZ2IHhQyQ/rs:fill:175:144/g:sm/czM6Ly9zb3VuZHNtYXJrZXQtaW1hZ2VzL2Fkcy81NTI2OF9oaWdoLmpwZw,https://soundsmarket.com/anuncios/schecter-omen-6-diamond-series-55268,Schecter Omen 6 Diamond Series,313.95,soundmarket
guitarras,https://cdn.soundsmarket.com/kNxN8ITU9IXFqmbcLGEqog7jqG97LQOVTuEs7A5qGS8/rs:fill:175:144/g:sm/czM6Ly9zb3VuZHNtYXJrZXQtaW1hZ2VzL2Fkcy81NTI2N19oaWdoLmpwZw,https://soundsmarket.com/anuncios/squier-showmaster-55267,Squier Showmaster,130.95,soundmarket
guitarras,https://cdn.soundsmarket.com/mGhdDi34V4c7APTLTfgdnSVK5jmEhx5bdmKjctogq2M/rs:fill:175:144/g:sm/czM6Ly9zb3VuZHNtYXJrZXQtaW1hZ2VzL2Fkcy81NTE5NF9oaWdoLmpwZw,https://soundsmarket.com/anuncios/egmond-stratocaster-55194,Egmond Stratocaster,404.95,soundmarket
guitarras,https://cdn.soundsmarket.com/1MTozs6TQEbqMSYGe82nLr4wWCX-ZDFXKcaP_hNAjHM/rs:fill:175:144/g:sm/czM6Ly9zb3VuZHNtYXJrZXQtaW1hZ2VzL2Fkcy81NTE5MV9oaWdoLmpwZw,https://soundsmarket.com/anuncios/yamaha-stratocaster-55191,Yamaha Stratocaster,180.95,soundmarket
guitarras,https://cdn.soundsmarket.com/pUtv8BbWrzW0-XGMtY12BwGBZbOL0kL7UOylWaij4g8/rs:fill:175:144/g:sm/czM6Ly9zb3VuZHNtYXJrZXQtaW1hZ2VzL2Fkcy81NTE4OV9oaWdoLmpwZw,https://soundsmarket.com/anuncios/squier-strat-blanco-negro-55189,Squier Strat Blanco Negro,146.95,soundmarket
guitarras,https://cdn.soundsmarket.com/9wC7PElapBrK7O62X_XtIVu2vJYxm_7R0cadzD3NCUw/rs:fill:175:144/g:sm/czM6Ly9zb3VuZHNtYXJrZXQtaW1hZ2VzL2Fkcy81NTE1NV9oaWdoLmpwZw,https://soundsmarket.com/anuncios/ltd-ec-256-55155,LTD EC-256,400.00,soundmarket
guitarras,https://cdn.soundsmarket.com/QY4X-QoJyfvWKvVFE6t_APL6L1bRSU3RR3Yj8Mtx_1Q/rs:fill:175:144/g:sm/czM6Ly9zb3VuZHNtYXJrZXQtaW1hZ2VzL2Fkcy81NTE1NF9oaWdoLmpwZw,https://soundsmarket.com/anuncios/ltd-ec-1000-bk-con-estuche-incluido-55154,LTD EC-1000 BK con estuche incluido,1100.00,soundmarket
guitarras,https://cdn.soundsmarket.com/jD8Ckseaf5Bwsph4QVfjEAJ_jFkiXh39rpmTAsd2R3E/rs:fill:175:144/g:sm/czM6Ly9zb3VuZHNtYXJrZXQtaW1hZ2VzL2Fkcy81NTExMl9oaWdoLmpwZw,https://soundsmarket.com/anuncios/epiphone-special-ii-les-paul-55112,Epiphone Special II Les Paul,200.95,soundmarket
guitarras,https://cdn.soundsmarket.com/q55UqlQPie3yON2deSLOa62GBr0VD8FukxSZfnb1VQk/rs:fill:175:144/g:sm/czM6Ly9zb3VuZHNtYXJrZXQtaW1hZ2VzL2Fkcy81NTA4N19oaWdoLmpwZw,https://soundsmarket.com/anuncios/tokai-les-paul-ls196-55087,Tokai Les Paul LS196,1700.00,soundmarket
guitarras,https://cdn.soundsmarket.com/JxB8FqaDVQAqUTNZsCROdsGf700OON3p2bc6M9i2c5Q/rs:fill:175:144/g:sm/czM6Ly9zb3VuZHNtYXJrZXQtaW1hZ2VzL2Fkcy81NTA4NV9oaWdoLmpwZw,https://soundsmarket.com/anuncios/guitarra-electrica-con-amplificador-55085,Guitarra eléctrica con amplificador,220.00,soundmarket
guitarras,https://cdn.soundsmarket.com/fGxz13tLVhDgmDmuproVIkdCR_T23FqHARZwgrA7twQ/rs:fill:175:144/g:sm/czM6Ly9zb3VuZHNtYXJrZXQtaW1hZ2VzL2Fkcy81NTA3NV9oaWdoLmpwZw,https://soundsmarket.com/anuncios/guitarra-electrica-ibanez-steve-bay-jem7vp-wh-55075,Guitarra eléctrica Ibanez Steve Bay JEM7VP-WH,1200.00,soundmarket
guitarras,https://cdn.soundsmarket.com/FAzMunq3RSeP5WM_ck4dwtE8OK316vjGDepAwPG6b8A/rs:fill:175:144/g:sm/czM6Ly9zb3VuZHNtYXJrZXQtaW1hZ2VzL2Fkcy81NTA1NV9oaWdoLmpwZw,https://soundsmarket.com/anuncios/framus-mayfield-custom-55055,Framus Mayfield Custom,1624.95,soundmarket
guitarras,https://cdn.soundsmarket.com/jvQTN1V5tTKVHYWPUjBqtXN0_uXDWRFInECezcSz6rU/rs:fill:175:144/g:sm/czM6Ly9zb3VuZHNtYXJrZXQtaW1hZ2VzL2Fkcy81NTA1NF9oaWdoLmpwZw,https://soundsmarket.com/anuncios/guitarra-epiphone-brodway-con-pastillas-p90-55054,Guitarra Epiphone Brodway con pastillas P90,600.00,soundmarket
guitarras,https://cdn.soundsmarket.com/wRAHu3_TP-y-L_g2ihXeWngqUiSfwORBODIh_qyDA48/rs:fill:175:144/g:sm/czM6Ly9zb3VuZHNtYXJrZXQtaW1hZ2VzL2Fkcy81NTAyNF9oaWdoLmpwZw,https://soundsmarket.com/anuncios/epiphone-emperor-joe-pass-ii-2010-55024,Epiphone Emperor Joe Pass II 2010,400.00,soundmarket
guitarras,https://cdn.soundsmarket.com/IcSjUU8sTXjuu1qfmUkPCOxJaXUQeAaHCMVL74bvFIw/rs:fill:175:144/g:sm/czM6Ly9zb3VuZHNtYXJrZXQtaW1hZ2VzL2Fkcy81NDk1OV9oaWdoLmpwZw,https://soundsmarket.com/anuncios/charvel-desolation-ds-3-54959,Charvel Desolation Ds-3,313.95,soundmarket
guitarras,https://cdn.soundsmarket.com/A9xN3zuhAvdqfh9EQaMCOT-5xMTKGHG8x3D8-D3k4pA/rs:fill:175:144/g:sm/czM6Ly9zb3VuZHNtYXJrZXQtaW1hZ2VzL2Fkcy81NDk1OF9oaWdoLmpwZw,https://soundsmarket.com/anuncios/ibanez-rg421ahm-54958,Ibanez RG421ahm,335.95,soundmarket
guitarras,https://cdn.soundsmarket.com/g8FM6hrEmdqnVfroMx97rSKfw7dNb07WnkIRAaI07Xw/rs:fill:175:144/g:sm/czM6Ly9zb3VuZHNtYXJrZXQtaW1hZ2VzL2Fkcy81NDk1M19oaWdoLmpwZw,https://soundsmarket.com/anuncios/gigkit-54953,Gigkit,253.95,soundmarket
guitarras,https://cdn.soundsmarket.com/c7L37TmkrQhrKjCnfnPLTWJDA3f_P7SoJ3n5f_dBqMs/rs:fill:175:144/g:sm/czM6Ly9zb3VuZHNtYXJrZXQtaW1hZ2VzL2Fkcy81NDk0N19oaWdoLmpwZw,https://soundsmarket.com/anuncios/jackson-adrian-smith-54947,Jackson Adrian Smith,436.95,soundmarket
guitarras,https://cdn.soundsmarket.com/JWSKDfe1ul-QtpFXEugfecitxDJpTu_8bRjUuIvhYt0/rs:fill:175:144/g:sm/czM6Ly9zb3VuZHNtYXJrZXQtaW1hZ2VzL2Fkcy81NDkzMF9oaWdoLmpwZw,https://soundsmarket.com/anuncios/guitarra-electrica-yamaha-pacifica-112-54930,Guitarra eléctrica Yamaha Pacifica 112,120.00,soundmarket
guitarras,https://cdn.soundsmarket.com/qQHDVHSWb0fnluSGqoOtVT-wtAMqManwR8KO25FArag/rs:fill:175:144/g:sm/czM6Ly9zb3VuZHNtYXJrZXQtaW1hZ2VzL2Fkcy81NDg2NF9oaWdoLmpwZw,https://soundsmarket.com/anuncios/guitarra-electrico-54864,Guitarra Eléctrico,210.00,soundmarket
guitarras,https://cdn.soundsmarket.com/0vo5RWozZXUWeTVyXiqxE8CirY75QXtZtBdDUAeamuk/rs:fill:175:144/g:sm/czM6Ly9zb3VuZHNtYXJrZXQtaW1hZ2VzL2Fkcy81NDkwMF9oaWdoLmpwZw,https://soundsmarket.com/anuncios/epiphone-les-paul-gold-top-56-54900,Epiphone Les Paul Gold Top 56,3900.00,soundmarket
guitarras,https://cdn.soundsmarket.com/EopTczA0OP8svyEEo5uzPmkIz5Tixomu2UNyErbHjvA/rs:fill:175:144/g:sm/czM6Ly9zb3VuZHNtYXJrZXQtaW1hZ2VzL2Fkcy81NDg2N19oaWdoLmpwZw,https://soundsmarket.com/anuncios/bhi-guitars-battistoni-handmade-instruments-54867,BHI Guitars Battistoni Handmade Instruments,1900.00,soundmarket
guitarras,https://cdn.soundsmarket.com/bF35hr0DPYHylNUlsrmqq1Nxn4Ry_cpSOiSL7DaTVBY/rs:fill:175:144/g:sm/czM6Ly9zb3VuZHNtYXJrZXQtaW1hZ2VzL2Fkcy81NDg1Nl9oaWdoLmpwZw,https://soundsmarket.com/anuncios/fender-squier-affinity-54856,Fender Squier Affinity,140.95,soundmarket
guitarras,https://cdn.soundsmarket.com/xDxY-ROk2AJ1drUZDvP901Vzt0cZqQEqLvwJhX9ZmQA/rs:fill:175:144/g:sm/czM6Ly9zb3VuZHNtYXJrZXQtaW1hZ2VzL2Fkcy81NDg1NV9oaWdoLmpwZw,https://soundsmarket.com/anuncios/oqan-oqan-guitars-54855,Oqan Oqan Guitars,150.95,soundmarket
guitarras,https://cdn.soundsmarket.com/Tz3jjgxhYoy2UdE2We4Se1Rbrs7y-0lSN9CTIgC-B1U/rs:fill:175:144/g:sm/czM6Ly9zb3VuZHNtYXJrZXQtaW1hZ2VzL2Fkcy81NDgxNF9oaWdoLmpwZw,https://soundsmarket.com/anuncios/danelectro-dc56-54814,Danelectro Dc56,758.95,soundmarket
guitarras,https://cdn.soundsmarket.com/e8sAKc1aj5T3MYD06be5s3ovUr1Ws3fNjTTmuI6oDhQ/rs:fill:175:144/g:sm/czM6Ly9zb3VuZHNtYXJrZXQtaW1hZ2VzL2Fkcy81NDgxMV9oaWdoLmpwZw,https://soundsmarket.com/anuncios/ibanez-rga42fm-54811,Ibanez RGA42fm,394.95,soundmarket
guitarras,https://cdn.soundsmarket.com/kjiS6BvpaUflOwMEAkn5PeFDLHWFekHgvHiJlXK_JyI/rs:fill:175:144/g:sm/czM6Ly9zb3VuZHNtYXJrZXQtaW1hZ2VzL2Fkcy81NDc4N19oaWdoLmpwZw,https://soundsmarket.com/anuncios/telecaster-james-burton-mexico-serie-614798-54787,Telecaster james Burton México serie 614798,600.00,soundmarket
guitarras,https://cdn.soundsmarket.com/CMHlZkFwM-2MgOXusOMwhApE5DBOyFXxJfKzo7-Km68/rs:fill:175:144/g:sm/czM6Ly9zb3VuZHNtYXJrZXQtaW1hZ2VzL2Fkcy81NDc1MV9oaWdoLmpwZw,https://soundsmarket.com/anuncios/jay-turser-jt-300-iv-54751,Jay Turser Jt 300-Iv,436.95,soundmarket
guitarras,https://cdn.soundsmarket.com/EYX2nTASeQAz4WgvXdC0L7hfvX2L66MwI4oCUfvrzqM/rs:fill:175:144/g:sm/czM6Ly9zb3VuZHNtYXJrZXQtaW1hZ2VzL2Fkcy81NDcxMV9oaWdoLmpwZw,https://soundsmarket.com/anuncios/69-stratocaster-warmothmusikraft-54711,69 Stratocaster Warmoth/Musikraft,1650.00,soundmarket
guitarras,https://cdn.soundsmarket.com/zsSOgg-RwrkwafAYP7TvWbJyMZhCQREVdn2U_9jAGGk/rs:fill:175:144/g:sm/czM6Ly9zb3VuZHNtYXJrZXQtaW1hZ2VzL2Fkcy81NDY1N19oaWdoLmpwZw,https://soundsmarket.com/anuncios/stanford-thinline-30-vs-54657,Stanford Thinline 30 Vs,918.95,soundmarket
guitarras,https://cdn.soundsmarket.com/o1Qw-HMDsJmQUDoEbx6lK7LILebaJWMth4lkp26VfWE/rs:fill:175:144/g:sm/czM6Ly9zb3VuZHNtYXJrZXQtaW1hZ2VzL2Fkcy81NDQ3OF9oaWdoLmpwZw,https://soundsmarket.com/anuncios/ibanez-js-100-tr-guitarra-electrica-54478,Ibanez JS 100 TR Guitarra eléctrica,430.00,soundmarket
guitarras,https://cdn.soundsmarket.com/GpJAd2rEoc3DORfjdl0E825Gg7MZXI-VoheG71rwkpA/rs:fill:175:144/g:sm/czM6Ly9zb3VuZHNtYXJrZXQtaW1hZ2VzL2Fkcy81NDYxMl9oaWdoLmpwZw,https://soundsmarket.com/anuncios/guitarra-electrica-54612,Guitarra electrica,550.00,soundmarket
guitarras,https://cdn.soundsmarket.com/wdIeF8CYOxPWf3kYRVEYNnW9gSQyvjDO4cuf1bEosdM/rs:fill:175:144/g:sm/czM6Ly9zb3VuZHNtYXJrZXQtaW1hZ2VzL2Fkcy81NDU3Nl9oaWdoLmpwZw,https://soundsmarket.com/anuncios/fender-stratocaster-g-5-54576,Fender Stratocaster G-5,1275.95,soundmarket
guitarras,https://cdn.soundsmarket.com/7rJG9TSpo9_AC5rNEFC-HmAncz73P8HNmU6aA77dzrs/rs:fill:175:144/g:sm/czM6Ly9zb3VuZHNtYXJrZXQtaW1hZ2VzL2Fkcy81NDU3Ml9oaWdoLmpwZw,https://soundsmarket.com/anuncios/contemporary-jaguar-hh-st-54572,CONTEMPORARY JAGUAR® HH ST,350.00,soundmarket
guitarras,https://cdn.soundsmarket.com/QcUZuvC_M4NDgh3V61UlkPSWOHWXDqaiSsxp8yp3phI/rs:fill:175:144/g:sm/czM6Ly9zb3VuZHNtYXJrZXQtaW1hZ2VzL2Fkcy81NDU3MV9oaWdoLmpwZw,https://soundsmarket.com/anuncios/estuche-de-guitarra-fender-54571,Estuche de guitarra Fender,145.00,soundmarket
guitarras,https://cdn.soundsmarket.com/xqmDLH__1dMj0oVNuktiVA8OGYClEVfIsH4PmwRZ2QY/rs:fill:175:144/g:sm/czM6Ly9zb3VuZHNtYXJrZXQtaW1hZ2VzL2Fkcy80NjI3Ml9oaWdoLmpwZw,https://soundsmarket.com/anuncios/vendo-schecter-demon-6-customizada-46272,Vendo Schecter Demon 6 Customizada,400.00,soundmarket
guitarras,https://cdn.soundsmarket.com/pOFH2XbHmmyV7aeWBjJcz3RegrOzZCnKNmEYakXDGSc/rs:fill:175:144/g:sm/czM6Ly9zb3VuZHNtYXJrZXQtaW1hZ2VzL2Fkcy80MjI0Nl9oaWdoLmpwZw,https://soundsmarket.com/anuncios/telecaster-custom-con-split-coil-nueva-42246,Telecaster Custom con Split Coil nueva,350.00,soundmarket
guitarras,https://cdn.soundsmarket.com/CJWNzsIjWYmCVdxQRcF9GaRvNcDO7fwAPpGSz8UM8eE/rs:fill:175:144/g:sm/czM6Ly9zb3VuZHNtYXJrZXQtaW1hZ2VzL2Fkcy81NDUxN19oaWdoLmpwZw,https://soundsmarket.com/anuncios/ibanez-azes-40-1p-01-54517,Ibanez Azes 40 1p-01,243.95,soundmarket
guitarras,https://cdn.soundsmarket.com/VPLR__Fy5qtkngutymQjQa-TjFrobJQq7FA59cgY5rM/rs:fill:175:144/g:sm/czM6Ly9zb3VuZHNtYXJrZXQtaW1hZ2VzL2Fkcy81NDUwNl9oaWdoLmpwZw,https://soundsmarket.com/anuncios/guitarra-electrica-eko-aire-standard-54506,Guitarra eléctrica EKO Aire Standard,315.00,soundmarket
guitarras,https://cdn.soundsmarket.com/1bcRa-oqQdNrg0vGbeiCavv5f8P-zFs9MdT9rYxQJvI/rs:fill:175:144/g:sm/czM6Ly9zb3VuZHNtYXJrZXQtaW1hZ2VzL2Fkcy81NDQ5Nl9oaWdoLmpwZw,https://soundsmarket.com/anuncios/eko-rock-vi-54496,Eko Rock VI,290.00,soundmarket
guitarras,https://cdn.soundsmarket.com/bfscPQZDbpfYGKDfpe5VQal3yw2ALhrLw1ZW_aKuSHo/rs:fill:175:144/g:sm/czM6Ly9zb3VuZHNtYXJrZXQtaW1hZ2VzL2Fkcy81NDQ4Nl9oaWdoLmpwZw,https://soundsmarket.com/anuncios/epiphone-special-model-2016-54486,Epiphone Special Model (2016),170.95,soundmarket
guitarras,https://cdn.soundsmarket.com/QaLhn5T8iPXgWpPtAcPcl-1CzsWkvde8na0rDJzNsM4/rs:fill:175:144/g:sm/czM6Ly9zb3VuZHNtYXJrZXQtaW1hZ2VzL2Fkcy81NDQ0MV9oaWdoLmpwZw,https://soundsmarket.com/anuncios/ltd-esp-mh-1001-deluxe-54441,Ltd Esp MH 1001 Deluxe,918.95,soundmarket
guitarras,https://cdn.soundsmarket.com/M87aROlcXlVtNmNDrmel5t5KeBg0kgAe3PFTPXpcpsc/rs:fill:175:144/g:sm/czM6Ly9zb3VuZHNtYXJrZXQtaW1hZ2VzL2Fkcy81NDQzNF9oaWdoLmpwZw,https://soundsmarket.com/anuncios/evh-striped-series-rwb-54434,EVH Striped Series RWB,850.00,soundmarket
guitarras,https://cdn.soundsmarket.com/01sYNmjGVzz0rGXXuohBtEPS1EkpQYY4ZCmT2YWHHCU/rs:fill:175:144/g:sm/czM6Ly9zb3VuZHNtYXJrZXQtaW1hZ2VzL2Fkcy81NDQwMF9oaWdoLmpwZw,https://soundsmarket.com/anuncios/ashton-ag131-54400,Ashton Ag131,170.95,soundmarket
guitarras,https://cdn.soundsmarket.com/FZA0Vlm2S3I0XJ8ZE7WPnToOs0yOt7PWZ8zt6qRwW4o/rs:fill:175:144/g:sm/czM6Ly9zb3VuZHNtYXJrZXQtaW1hZ2VzL2Fkcy81NDM1OV9oaWdoLmpwZw,https://soundsmarket.com/anuncios/ibanez-gax-70-54359,Ibanez Gax 70,160.95,soundmarket
guitarras,https://cdn.soundsmarket.com/LRyZ2UjTWMBnvn9fucFcDgfoSLmwQw2KjvuBIIbaHRI/rs:fill:175:144/g:sm/czM6Ly9zb3VuZHNtYXJrZXQtaW1hZ2VzL2Fkcy81NDM1OF9oaWdoLmpwZw,https://soundsmarket.com/anuncios/yamaha-pacifica-112j-54358,Yamaha Pacifica 112j,210.95,soundmarket
guitarras,https://cdn.soundsmarket.com/sxhPNjTHlBxn8HkKgnwbZyKEiWUrC4o7-IF6s2rls68/rs:fill:175:144/g:sm/czM6Ly9zb3VuZHNtYXJrZXQtaW1hZ2VzL2Fkcy81NDMyM19oaWdoLmpwZw,https://soundsmarket.com/anuncios/jammate-ug-i-jm400t-54323,Jammate Ug-I Jm400t,180.95,soundmarket
guitarras,https://cdn.soundsmarket.com/NmeXnwU0GCF5-ovf7ghttUaicSEKDkNW3dYYnic9Vg4/rs:fill:175:144/g:sm/czM6Ly9zb3VuZHNtYXJrZXQtaW1hZ2VzL2Fkcy81NDI4Ml9oaWdoLmpwZw,https://soundsmarket.com/anuncios/gibson-sg-1988-blanco-alpino-54282,Gibson SG 1988 Blanco Alpino,2500.00,soundmarket
guitarras,https://cdn.soundsmarket.com/gdijlAx9kWv5DKMaVaBMArikuxwQRGZZdzqj56ZH6zE/rs:fill:175:144/g:sm/czM6Ly9zb3VuZHNtYXJrZXQtaW1hZ2VzL2Fkcy81NDI1M19oaWdoLmpwZw,https://soundsmarket.com/anuncios/squier-mustang-54253,Squier Mustang,293.95,soundmarket
guitarras,https://cdn.soundsmarket.com/LZy5TNxlCWu4wXrSoSCfxYQFalVyesy5oCC29kUUZbU/rs:fill:175:144/g:sm/czM6Ly9zb3VuZHNtYXJrZXQtaW1hZ2VzL2Fkcy81MTUzNl9oaWdoLmpwZw,https://soundsmarket.com/anuncios/pastillas-prs-se-8515-s-pickups-2019-black-51536,Pastillas PRS SE 85/15 S pickups 2019 Black,150.00,soundmarket
guitarras,https://cdn.soundsmarket.com/VHK0ZuuPA0_SRVDTylz8XTbE8ArJ39n4vf_R8QrLzMc/rs:fill:175:144/g:sm/czM6Ly9zb3VuZHNtYXJrZXQtaW1hZ2VzL2Fkcy81NDIzMl9oaWdoLmpwZw,https://soundsmarket.com/anuncios/cigar-box-guitar-54232,Guitarra eléctrica/Cigar Box Guitar,120.00,soundmarket
guitarras,https://cdn.soundsmarket.com/GWE585ec-JJGJ6G1QtR8CqewyLDTVj1R0mPgWWrLOy8/rs:fill:175:144/g:sm/czM6Ly9zb3VuZHNtYXJrZXQtaW1hZ2VzL2Fkcy81NDIxOF9oaWdoLmpwZw,https://soundsmarket.com/anuncios/ibanez-sa-series-54218,Ibanez Sa Series,190.95,soundmarket
guitarras,https://cdn.soundsmarket.com/ZRPu0UTEBxpAOPGAlqRmLT8BPiQFeWp6MsbIS45uEOM/rs:fill:175:144/g:sm/czM6Ly9zb3VuZHNtYXJrZXQtaW1hZ2VzL2Fkcy81NDE3OF9oaWdoLmpwZw,https://soundsmarket.com/anuncios/prs-starla-54178,Prs Starla,496.95,soundmarket
guitarras,https://cdn.soundsmarket.com/8Kcp9MIWCCb5zDlO-YvApuWHBiw6c2xTTf-U3IFvaeM/rs:fill:175:144/g:sm/czM6Ly9zb3VuZHNtYXJrZXQtaW1hZ2VzL2Fkcy81NDE3N19oaWdoLmpwZw,https://soundsmarket.com/anuncios/hyundai-superstrato-90s-54177,Hyundai Superstrato 90'S,196.95,soundmarket
guitarras,https://cdn.soundsmarket.com/g_F1k4Uid0ohiC9I9Pvagq3QIDXcOoRwd6WcJG2LugE/rs:fill:175:144/g:sm/czM6Ly9zb3VuZHNtYXJrZXQtaW1hZ2VzL2Fkcy81NDE3NV9oaWdoLmpwZw,https://soundsmarket.com/anuncios/hohner-professional-st-special-54175,Hohner Professional St Special,156.95,soundmarket
guitarras,https://cdn.soundsmarket.com/KExDui2j8Rmuf77ZikLuYRj4aKvofSRQ0h0nfxYueVg/rs:fill:175:144/g:sm/czM6Ly9zb3VuZHNtYXJrZXQtaW1hZ2VzL2Fkcy81NDEzNl9oaWdoLmpwZw,https://soundsmarket.com/anuncios/gibson-les-paul-studio-wine-red-lefthanded-54136,Gibson les Paul Studio Wine Red lefthanded,1000.00,soundmarket
guitarras,https://cdn.soundsmarket.com/JsnnKIQcWF49h4RIWtpTHSiTchVOrGGqqPwW658bvww/rs:fill:175:144/g:sm/czM6Ly9zb3VuZHNtYXJrZXQtaW1hZ2VzL2Fkcy81NDEwM19oaWdoLmpwZw,https://soundsmarket.com/anuncios/oqan-guitars-54103,Oqan Guitars,130.95,soundmarket
guitarras,https://cdn.soundsmarket.com/BEFlg1oLeJfDNQ6t7L6ZkPSWErEeHZFUMVQEn-OY78w/rs:fill:175:144/g:sm/czM6Ly9zb3VuZHNtYXJrZXQtaW1hZ2VzL2Fkcy81NDEwMl9oaWdoLmpwZw,https://soundsmarket.com/anuncios/ibanez-gsr180-bk-54102,Ibanez Gsr180-Bk,170.95,soundmarket
guitarras,https://cdn.soundsmarket.com/9q3-cfvHrhVhiHO-hOJJkYEXIExUhrla2jil6Cmia_k/rs:fill:175:144/g:sm/czM6Ly9zb3VuZHNtYXJrZXQtaW1hZ2VzL2Fkcy81NDA5OV9oaWdoLmpwZw,https://soundsmarket.com/anuncios/ibanez-rg320dxfm-54099,Ibanez Rg320dxfm,263.95,soundmarket
guitarras,https://cdn.soundsmarket.com/EqLVnkFrpMTd_YjXbI8PETz8YVSHlP1RzIO6bi_geMM/rs:fill:175:144/g:sm/czM6Ly9zb3VuZHNtYXJrZXQtaW1hZ2VzL2Fkcy81NDA4NF9oaWdoLmpwZw,https://soundsmarket.com/anuncios/guitarra-electrica-ninos-ashton-54084,Guitarra Eléctrica Niños Ashton,120.00,soundmarket
guitarras,https://cdn.soundsmarket.com/P65A2eDRavlabmJ7Nii1J85KRibdo0VtYer0fAgamz0/rs:fill:175:144/g:sm/czM6Ly9zb3VuZHNtYXJrZXQtaW1hZ2VzL2Fkcy81NDA4MV9oaWdoLmpwZw,https://soundsmarket.com/anuncios/fender-telecaster-joe-strummer-54081,Fender telecaster joe strummer,900.00,soundmarket
guitarras,https://cdn.soundsmarket.com/8wFCc20CK5j9V_L-pFPNq5Asp09XXuXUgbzlOVnkwek/rs:fill:175:144/g:sm/czM6Ly9zb3VuZHNtYXJrZXQtaW1hZ2VzL2Fkcy8zNzQ2Ml9oaWdoLmpwZw,https://soundsmarket.com/anuncios/london-burns-bison-62-37462,LONDON BURNS BISON 62,400.00,soundmarket
guitarras,https://cdn.soundsmarket.com/qhTWo8fQEU1GcwJ2QbJLEiKacPSrHx86liVbyek-ioo/rs:fill:175:144/g:sm/czM6Ly9zb3VuZHNtYXJrZXQtaW1hZ2VzL2Fkcy81NDAzNF9oaWdoLmpwZw,https://soundsmarket.com/anuncios/eko-s-300-54034,Eko S-300,146.95,soundmarket
guitarras,https://cdn.soundsmarket.com/Fuv8py-AG4Mxo97zubgxt07mvmnFqjdbighsjLwserY/rs:fill:175:144/g:sm/czM6Ly9zb3VuZHNtYXJrZXQtaW1hZ2VzL2Fkcy81NDAzMl9oaWdoLmpwZw,https://soundsmarket.com/anuncios/kohler-sin-modelo-54032,Kohler Sin Modelo,150.95,soundmarket
guitarras,https://cdn.soundsmarket.com/QzOIDyRH_AgA_zCwmtuJCEhU8xks7HBtUEauATgLKNc/rs:fill:175:144/g:sm/czM6Ly9zb3VuZHNtYXJrZXQtaW1hZ2VzL2Fkcy81NDAzMV9oaWdoLmpwZw,https://soundsmarket.com/anuncios/arirang-les-paul-54031,Arirang Les Paul,201.95,soundmarket
guitarras,https://cdn.soundsmarket.com/HICsJ6fvnvA86Jh-Xc9K6r_iSs0uzPtjKPttSz4ZSTU/rs:fill:175:144/g:sm/czM6Ly9zb3VuZHNtYXJrZXQtaW1hZ2VzL2Fkcy81Mzk5N19oaWdoLmpwZw,https://soundsmarket.com/anuncios/epiphon-les-paul-vintage-53997,Epiphon Les Paul Vintage,285.00,soundmarket
guitarras,https://cdn.soundsmarket.com/laO9VA1S3KpvpISCCObv4AQF-ET5k47vWkjiEfOscbY/rs:fill:175:144/g:sm/czM6Ly9zb3VuZHNtYXJrZXQtaW1hZ2VzL2Fkcy81Mzk5Nl9oaWdoLmpwZw,https://soundsmarket.com/anuncios/epiphon-les-paul-vintage-53996,Epiphon Les Paul Vintage,275.00,soundmarket
guitarras,https://cdn.soundsmarket.com/t6rxh542WgkwaoAgXvxkAddFASDZwEvF5tl7tLCDlNU/rs:fill:175:144/g:sm/czM6Ly9zb3VuZHNtYXJrZXQtaW1hZ2VzL2Fkcy81Mzk5NF9oaWdoLmpwZw,https://soundsmarket.com/anuncios/epiphon-les-paul-vintage-53994,Epiphon Les Paul Vintage,275.00,soundmarket
guitarras,https://cdn.soundsmarket.com/-mLLA1GA0ok8rJMIaEvjJCHfHMO9tI1VE-28_oMvNjM/rs:fill:175:144/g:sm/czM6Ly9zb3VuZHNtYXJrZXQtaW1hZ2VzL2Fkcy81Mzk4MF9oaWdoLmpwZw,https://soundsmarket.com/anuncios/cort-g110-53980,Cort G110,146.95,soundmarket
guitarras,https://cdn.soundsmarket.com/cuOcEYgmDbpEe4EO2BhF__B4Hii5VE2SH_oNq7dk6WA/rs:fill:175:144/g:sm/czM6Ly9zb3VuZHNtYXJrZXQtaW1hZ2VzL2Fkcy81Mzk3MV9oaWdoLmpwZw,https://soundsmarket.com/anuncios/epiphone-embassy-53971,Epiphone Embassy,210.95,soundmarket
guitarras,https://cdn.soundsmarket.com/5erHpTGb7f0rg7JCkg2KhfJkZuB_HOo41_-RJ_n3SKE/rs:fill:175:144/g:sm/czM6Ly9zb3VuZHNtYXJrZXQtaW1hZ2VzL2Fkcy81Mzk2Nl9oaWdoLmpwZw,https://soundsmarket.com/anuncios/ltd-esp-ec-256-yellow-53966,Ltd Esp Ec-256 Yellow,385.95,soundmarket
guitarras,https://cdn.soundsmarket.com/cyHn58qhxi9DF_PSYFNR1xs6mIUTmBOF9RQuQ3DYSHI/rs:fill:175:144/g:sm/czM6Ly9zb3VuZHNtYXJrZXQtaW1hZ2VzL2Fkcy81Mzk2M19oaWdoLmpwZw,https://soundsmarket.com/anuncios/epiphone-lucille-53963,EPIPHONE LUCILLE,550.00,soundmarket
guitarras,https://cdn.soundsmarket.com/q9OOytmPUTYvdHOWK7xTLyCb3EiUnFP8zF6oyhW156Q/rs:fill:175:144/g:sm/czM6Ly9zb3VuZHNtYXJrZXQtaW1hZ2VzL2Fkcy81Mzk2MV9oaWdoLmpwZw,https://soundsmarket.com/anuncios/guitarra-electrica-vintage-emg-53961,Guitarra eléctrica vintage + EMG,420.00,soundmarket
guitarras,https://cdn.soundsmarket.com/HBkdjM8DsmoG8zxN8bJ8qn7EZwVIdg_w4vwFcFd4WAk/rs:fill:175:144/g:sm/czM6Ly9zb3VuZHNtYXJrZXQtaW1hZ2VzL2Fkcy81Mzk0NF9oaWdoLmpwZw,https://soundsmarket.com/anuncios/fender-john-mayer-signature-strat-2013-53944,Fender John Mayer Signature Strat 2013,2434.95,soundmarket
guitarras,https://cdn.soundsmarket.com/6uBB6x1jh9VXBPloz5oFb0p0HmFR6aK-ESDYsSCpMUc/rs:fill:175:144/g:sm/czM6Ly9zb3VuZHNtYXJrZXQtaW1hZ2VzL2Fkcy81Mzg5M19oaWdoLmpwZw,https://soundsmarket.com/anuncios/vendo-fender-squier-jazzmaster-53893,Vendo Fender squier Jazzmaster,295.00,soundmarket
guitarras,https://cdn.soundsmarket.com/o4OdsENN2rtn6tob6RcaH4ns8dpg9STzgY4HDKMxtIA/rs:fill:175:144/g:sm/czM6Ly9zb3VuZHNtYXJrZXQtaW1hZ2VzL2Fkcy81Mzg5Ml9oaWdoLmpwZw,https://soundsmarket.com/anuncios/vendo-fender-jazzmaster-squier-classic-vibe-60s-53892,Vendo Fender Jazzmaster squier classic vibe 60s,295.00,soundmarket
guitarras,https://cdn.soundsmarket.com/Omsg_kNBs9TosivpMWjnCqlAGIXFtYIqWYAai9Bp618/rs:fill:175:144/g:sm/czM6Ly9zb3VuZHNtYXJrZXQtaW1hZ2VzL2Fkcy81MzgwNF9oaWdoLmpwZw,https://soundsmarket.com/anuncios/cyanguitars-1992-53804,Cyanguitars 1992,2500.00,soundmarket
guitarras,https://cdn.soundsmarket.com/v9Xpf_qiyP54drgMSO3rFD2vaM8ekKDkbfOG0e_pHrQ/rs:fill:175:144/g:sm/czM6Ly9zb3VuZHNtYXJrZXQtaW1hZ2VzL2Fkcy81Mzc5MF9oaWdoLmpwZw,https://soundsmarket.com/anuncios/ibanez-universe-777-53790,Ibanez Universe 777,1825.95,soundmarket
guitarras,https://cdn.soundsmarket.com/qAnG0Y-2r5YbeeGKgJj7jrrEFYtJsbMGmNpKpQGMgmU/rs:fill:175:144/g:sm/czM6Ly9zb3VuZHNtYXJrZXQtaW1hZ2VzL2Fkcy81MzczMF9oaWdoLmpwZw,https://soundsmarket.com/anuncios/yamaha-tougear-53730,Yamaha Tougear,176.95,soundmarket
guitarras,https://cdn.soundsmarket.com/SJsj3KyJMsDsEHRz3LcO57I8jcNxg5napJU_PyK_q_o/rs:fill:175:144/g:sm/czM6Ly9zb3VuZHNtYXJrZXQtaW1hZ2VzL2Fkcy81MzY0M19oaWdoLmpwZw,https://soundsmarket.com/anuncios/ibanez-as73-tbc-5b-04-53643,Ibanez As73-Tbc 5b-04,404.95,soundmarket
guitarras,https://cdn.soundsmarket.com/H-hw1lYg73LE99ySPGyD_YimzFb1VWi5qrbzWNszS-Q/rs:fill:175:144/g:sm/czM6Ly9zb3VuZHNtYXJrZXQtaW1hZ2VzL2Fkcy81MzU4NV9oaWdoLmpwZw,https://soundsmarket.com/anuncios/washburn-pro-x-series-53585,Washburn Pro X Series,190.95,soundmarket
guitarras,https://cdn.soundsmarket.com/cpV7yOPJrDBtE01QcTkv8ej7wIDEnZBGBEXLeFehz-E/rs:fill:175:144/g:sm/czM6Ly9zb3VuZHNtYXJrZXQtaW1hZ2VzL2Fkcy81MzU3Ml9oaWdoLmpwZw,https://soundsmarket.com/anuncios/mika-mika-custom-art-guitars-sg-war-2020-2021-53572,Mika Mika Custom Art Guitars Sg War 2020-2021,365.95,soundmarket
guitarras,https://cdn.soundsmarket.com/N9V74l5qIXeRIdUaw97gTEbqe9d6SvY7OBeFk0lFfik/rs:fill:175:144/g:sm/czM6Ly9zb3VuZHNtYXJrZXQtaW1hZ2VzL2Fkcy81MzUxNl9oaWdoLmpwZw,https://soundsmarket.com/anuncios/fender-stratocaster-estandar-2016-53516,Fender Stratocaster estándar 2016,1350.00,soundmarket
guitarras,https://cdn.soundsmarket.com/vtQdRrHJVooxH0H21BoGpOYAUEIH_0bJbBLCyGFXXUU/rs:fill:175:144/g:sm/czM6Ly9zb3VuZHNtYXJrZXQtaW1hZ2VzL2Fkcy81MzQ5M19oaWdoLmpwZw,https://soundsmarket.com/anuncios/guitarra-electrica-fender-stratocaster-vintage-de-1965-53493,Guitarra eléctrica Fender Stratocaster vintage de 1965,700.00,soundmarket
guitarras,https://cdn.soundsmarket.com/H0gIUtkkHSO6mU12LegaI7BcvC9lIzau_58hLguD3vw/rs:fill:175:144/g:sm/czM6Ly9zb3VuZHNtYXJrZXQtaW1hZ2VzL2Fkcy81MzQ5MV9oaWdoLmpwZw,https://soundsmarket.com/anuncios/1961-fender-stratocaster-fiesta-guitarra-roja-vintage-53491,1961 Fender Stratocaster Fiesta Guitarra Roja Vintage,3000.00,soundmarket
guitarras,https://cdn.soundsmarket.com/Ainan25nCfcMvWvaaVfEn1VDfn_eQnSYVmet7T4_PqU/rs:fill:175:144/g:sm/czM6Ly9zb3VuZHNtYXJrZXQtaW1hZ2VzL2Fkcy81MzQ2OF9oaWdoLmpwZw,https://soundsmarket.com/anuncios/eko-vr-p90-53468,Eko Vr P90,233.95,soundmarket
guitarras,https://cdn.soundsmarket.com/r6JVutWk_iKMd1f0XuN13w4s2m-LDblEFMPu1I70ukc/rs:fill:175:144/g:sm/czM6Ly9zb3VuZHNtYXJrZXQtaW1hZ2VzL2Fkcy81MzQwNV9oaWdoLmpwZw,https://soundsmarket.com/anuncios/greg-bennett-ic10mbk-53405,Greg Bennett Ic10mbk,170.95,soundmarket
guitarras,https://cdn.soundsmarket.com/NwXEnwO8c0fqckLzL9DwNso3CCxHtThnX7Zsr-86JTg/rs:fill:175:144/g:sm/czM6Ly9zb3VuZHNtYXJrZXQtaW1hZ2VzL2Fkcy81MzM5OF9oaWdoLmpwZw,https://soundsmarket.com/anuncios/aria-stg-003-series-53398,Aria Stg-003 Series,120.95,soundmarket
guitarras,https://cdn.soundsmarket.com/eKMTJBRMM044obxvpa20VOzqacT6BT5qlNgSesojbcg/rs:fill:175:144/g:sm/czM6Ly9zb3VuZHNtYXJrZXQtaW1hZ2VzL2Fkcy81MzM5N19oaWdoLmpwZw,https://soundsmarket.com/anuncios/cort-zenox-53397,Cort Zenox,140.95,soundmarket
guitarras,https://cdn.soundsmarket.com/iWBBfaZ8m72EqHVAffqrvi2-ZOnDe2HpVlDbc-565zk/rs:fill:175:144/g:sm/czM6Ly9zb3VuZHNtYXJrZXQtaW1hZ2VzL2Fkcy81MzM5Nl9oaWdoLmpwZw,https://soundsmarket.com/anuncios/fender-fa-125ce-53396,Fender Fa-125ce,176.95,soundmarket
guitarras,https://cdn.soundsmarket.com/EijFM06WPM86ptySwjg6EPXQ8y4DvH3Md-jw4ALm1bM/rs:fill:175:144/g:sm/czM6Ly9zb3VuZHNtYXJrZXQtaW1hZ2VzL2Fkcy81MzM3MV9oaWdoLmpwZw,https://soundsmarket.com/anuncios/squier-stratocaster-blue-vintage-53371,Squier Stratocaster blue vintage,245.00,soundmarket
guitarras,https://cdn.soundsmarket.com/9eq-6N8MnDbsAGt6VGIondCzPtBvBjxre_nE_0H0-9o/rs:fill:175:144/g:sm/czM6Ly9zb3VuZHNtYXJrZXQtaW1hZ2VzL2Fkcy81MjEwNF9oaWdoLmpwZw,https://soundsmarket.com/anuncios/antigua-guitarra-electrica-stratocaster-52104,Antigua guitarra eléctrica Stratocaster,500.00,soundmarket
guitarras,https://cdn.soundsmarket.com/ltliq7qNkGiAj38K3v1DTPMv6f5ukLLxtWW_f4fwf0c/rs:fill:175:144/g:sm/czM6Ly9zb3VuZHNtYXJrZXQtaW1hZ2VzL2Fkcy81MzM1M19oaWdoLmpwZw,https://soundsmarket.com/anuncios/yamaha-pacifica-311h-yellow-natural-satin-53353,YAMAHA Pacifica 311h Yellow Natural Satin,310.00,soundmarket
guitarras,https://cdn.soundsmarket.com/ih96QCvfnNkPBY2iyaf1bl1H_QPGS3Rasc1y3a9-Klc/rs:fill:175:144/g:sm/czM6Ly9zb3VuZHNtYXJrZXQtaW1hZ2VzL2Fkcy80OTEzMF9oaWdoLmpwZw,https://soundsmarket.com/anuncios/guitarra-luthier-sabrafen-49130,Guitarra luthier Sabrafen,1200.00,soundmarket
guitarras,https://cdn.soundsmarket.com/tEKl64k8gl7cf_K5lD14sIYPdnzjJ80LGMLfDUxwX2w/rs:fill:175:144/g:sm/czM6Ly9zb3VuZHNtYXJrZXQtaW1hZ2VzL2Fkcy81MzMyOF9oaWdoLmpwZw,https://soundsmarket.com/anuncios/ormsby-hype-gti-6-strings-multiescala-53328,Ormsby Hype GTI 6 strings multiescala,1100.00,soundmarket
guitarras,https://cdn.soundsmarket.com/YcJANbpQn4ijH2V_zgTfl2H3hAvbzGSIuySFynJqlYQ/rs:fill:175:144/g:sm/czM6Ly9zb3VuZHNtYXJrZXQtaW1hZ2VzL2Fkcy81MzI3MV9oaWdoLmpwZw,https://soundsmarket.com/anuncios/fender-american-vintage-ii-1963-telecaster-crimson-53271,Fender American Vintage II 1963 Telecaster Crimson,1600.00,soundmarket
guitarras,https://cdn.soundsmarket.com/9dLnzYZExQw5C7RXP57ZyjXJQSIo___-8q2YqKjlnH8/rs:fill:175:144/g:sm/czM6Ly9zb3VuZHNtYXJrZXQtaW1hZ2VzL2Fkcy81MzI3MF9oaWdoLmpwZw,https://soundsmarket.com/anuncios/gibson-1957-les-paul-custom-2pu-ula-ebony-53270,Gibson 1957 Les Paul Custom 2PU ULA Ebony,6500.00,soundmarket
guitarras,https://cdn.soundsmarket.com/aNl0VOR89BtZ0wTZe9vmkS-_0wfXLwmj8ZjX0ONmr8c/rs:fill:175:144/g:sm/czM6Ly9zb3VuZHNtYXJrZXQtaW1hZ2VzL2Fkcy81MzI0Ml9oaWdoLmpwZw,https://soundsmarket.com/anuncios/fender-stratocaster-silver-series-89-53242,Fender Stratocaster Silver Series Vintage Japan,999.00,soundmarket
guitarras,https://cdn.soundsmarket.com/8gfoAu8P1jBUPozp2sTjj-fdYyYnOQ0aOBXy4zoH3N4/rs:fill:175:144/g:sm/czM6Ly9zb3VuZHNtYXJrZXQtaW1hZ2VzL2Fkcy81MzIyMF9oaWdoLmpwZw,https://soundsmarket.com/anuncios/starforce-3000-53220,Starforce 3000,200.95,soundmarket
guitarras,https://cdn.soundsmarket.com/jJQei0Mwl1_X-AtYzw1hDuLqzm7F6P5x6asK1V3fJIg/rs:fill:175:144/g:sm/czM6Ly9zb3VuZHNtYXJrZXQtaW1hZ2VzL2Fkcy81MzE3Ml9oaWdoLmpwZw,https://soundsmarket.com/anuncios/gibson-les-paul-studio-53172,Gibson Les Paul Studio,1104.95,soundmarket
guitarras,https://cdn.soundsmarket.com/Y4_ar1dTQl_Mo8EeNSb_FJupOiRwxgljAZTlnr1_mic/rs:fill:175:144/g:sm/czM6Ly9zb3VuZHNtYXJrZXQtaW1hZ2VzL2Fkcy81MzEzOV9oaWdoLmpwZw,https://soundsmarket.com/anuncios/greg-bennett-mb-80f-negra-53139,Greg Bennett Mb-80f Negra,568.95,soundmarket
guitarras,https://cdn.soundsmarket.com/0P0vK6hgBe8ybVe7wod9KKDVThQsEYpRp5YwoTZ5h-E/rs:fill:175:144/g:sm/czM6Ly9zb3VuZHNtYXJrZXQtaW1hZ2VzL2Fkcy81MzEyMF9oaWdoLmpwZw,https://soundsmarket.com/anuncios/guitarra-jackson-sl3-soloist-surnbust-53120,Guitarra jackson sl3 soloist sunburst,850.00,soundmarket
guitarras,https://cdn.soundsmarket.com/PyZHTlDYU9JTKOCAtwExKP2KoeBPgij8gsdEzEy7nvc/rs:fill:175:144/g:sm/czM6Ly9zb3VuZHNtYXJrZXQtaW1hZ2VzL2Fkcy81MzExOF9oaWdoLmpwZw,https://soundsmarket.com/anuncios/guitarra-jackson-pro-dk2m-dinky-snow-white-53118,Guitarra Jackson pro DK2M Dinky Snow White.,700.00,soundmarket
guitarras,https://cdn.soundsmarket.com/rta9eQnu29eDr0ZMueJc2_eEh0_JR76dlYNVDnJXToE/rs:fill:175:144/g:sm/czM6Ly9zb3VuZHNtYXJrZXQtaW1hZ2VzL2Fkcy81MzA5OV9oaWdoLmpwZw,https://soundsmarket.com/anuncios/line-6-variax-500-53099,Line 6 Variax 500,334.95,soundmarket
guitarras,https://cdn.soundsmarket.com/xa8mZC9TsUpLZEeDlR9Istdl2Bs7p7HUe4wWJb-q_n4/rs:fill:175:144/g:sm/czM6Ly9zb3VuZHNtYXJrZXQtaW1hZ2VzL2Fkcy81MzA4Ml9oaWdoLmpwZw,https://soundsmarket.com/anuncios/guitarra-electrica-nueva-con-53082,Guitarra eléctrica nueva con,250.00,soundmarket
guitarras,https://cdn.soundsmarket.com/6SPFyK8WCcrlMjWj4PwOucT7tP3donK1rksZCA1WJac/rs:fill:175:144/g:sm/czM6Ly9zb3VuZHNtYXJrZXQtaW1hZ2VzL2Fkcy81MzA2NF9oaWdoLmpwZw,https://soundsmarket.com/anuncios/fender-stratocaster-53064,Fender Stratocaster,739.95,soundmarket
guitarras,https://cdn.soundsmarket.com/9n3mXaxRWwdSFbRkf0Fw6WSkkKmGTQMXyPEN5ZTERw8/rs:fill:175:144/g:sm/czM6Ly9zb3VuZHNtYXJrZXQtaW1hZ2VzL2Fkcy81MzA0Ml9oaWdoLmpwZw,https://soundsmarket.com/anuncios/guitarra-semicaja-jd-53042,Guitarra Semicaja J&D,180.00,soundmarket
guitarras,https://cdn.soundsmarket.com/2fJsycFt7xuKI0Dcn8kZyZ9rIqEBQYOsR-M0Zk6mnwQ/rs:fill:175:144/g:sm/czM6Ly9zb3VuZHNtYXJrZXQtaW1hZ2VzL2Fkcy81MzA0MV9oaWdoLmpwZw,https://soundsmarket.com/anuncios/guitarra-les-paul-stagg-japonesa-53041,Guitarra Les Paul Stagg (japonesa),390.00,soundmarket
guitarras,https://cdn.soundsmarket.com/nLKO5fNyfxexTwpRdA8_jW5YP_wulDJ2PuI9M7VlFLI/rs:fill:175:144/g:sm/czM6Ly9zb3VuZHNtYXJrZXQtaW1hZ2VzL2Fkcy81MzAyOF9oaWdoLmpwZw,https://soundsmarket.com/anuncios/squier-jazzmaster-40-aniversario-53028,Squier Jazzmaster 40 aniversario,380.00,soundmarket
guitarras,https://cdn.soundsmarket.com/nvibYNjYt7DP74towcAqOkdZt9yNDPJOuaWpxjbuo1o/rs:fill:175:144/g:sm/czM6Ly9zb3VuZHNtYXJrZXQtaW1hZ2VzL2Fkcy81Mjk4NV9oaWdoLmpwZw,https://soundsmarket.com/anuncios/guitarra-electrica-storm-52985,GUITARRA ELÈCTRICA STORM,90.00,soundmarket
guitarras,https://cdn.soundsmarket.com/SR0es84cVMKB1IMPUz0Ewy6rDtbh21-6tk3hx4Wq-L4/rs:fill:175:144/g:sm/czM6Ly9zb3VuZHNtYXJrZXQtaW1hZ2VzL2Fkcy81MjkzNV9oaWdoLmpwZw,https://soundsmarket.com/anuncios/guitarra-electrica-hondo-h7600-fy-ano-1986-87-52935,Guitarra eléctrica Hondo H7600 FY año 1986-87,90.00,soundmarket
guitarras,https://cdn.soundsmarket.com/Bxo9BbaXH9BF_k_YaO7fYWKuvOxowGdvnKY2Dnla5wU/rs:fill:175:144/g:sm/czM6Ly9zb3VuZHNtYXJrZXQtaW1hZ2VzL2Fkcy81MjkyNl9oaWdoLmpwZw,https://soundsmarket.com/anuncios/fender-stratocaster-52926,Fender Stratocaster,969.95,soundmarket
guitarras,https://cdn.soundsmarket.com/wRxB3XR9BvXtJSxsxr7Bgfvjp_-cUkVmvFROT_NjKeI/rs:fill:175:144/g:sm/czM6Ly9zb3VuZHNtYXJrZXQtaW1hZ2VzL2Fkcy81Mjg2NV9oaWdoLmpwZw,https://soundsmarket.com/anuncios/fender-telecaster-52865,Fender Telecaster,1224.95,soundmarket
guitarras,https://cdn.soundsmarket.com/c4F56TjPvevqUtV6WoJpovvhcWxo2cJtYzCrSZ_hmjY/rs:fill:175:144/g:sm/czM6Ly9zb3VuZHNtYXJrZXQtaW1hZ2VzL2Fkcy81Mjg1OV9oaWdoLmpwZw,https://soundsmarket.com/anuncios/guitarra-fender-stratocaster-eric-clapton-52859,Guitarra Fender Stratocaster Eric Clapton,1900.00,soundmarket
guitarras,https://cdn.soundsmarket.com/dxO0DJED11wF88JDhbNKkdYycfS7Qxt0MZ6sCY8fUlU/rs:fill:175:144/g:sm/czM6Ly9zb3VuZHNtYXJrZXQtaW1hZ2VzL2Fkcy81MjgzNV9oaWdoLmpwZw,https://soundsmarket.com/anuncios/fender-stratocaster-custom-60th-anniversary-strat-52835,Fender Stratocaster Custom 60th Anniversary Strat,6543.95,soundmarket
guitarras,https://cdn.soundsmarket.com/VwjnUfVCo1_Cb9cdjst0fLTh4wGVIcE_lYSN5D4izLs/rs:fill:175:144/g:sm/czM6Ly9zb3VuZHNtYXJrZXQtaW1hZ2VzL2Fkcy81MjgzNF9oaWdoLmpwZw,https://soundsmarket.com/anuncios/washburn-x40-pro-52834,Washburn X40 Pro,313.95,soundmarket
guitarras,https://cdn.soundsmarket.com/c1Te5tfrpsnlUn62R4z7bz2fdVuHOOHKzVvzn8xO0f8/rs:fill:175:144/g:sm/czM6Ly9zb3VuZHNtYXJrZXQtaW1hZ2VzL2Fkcy81MjgyMV9oaWdoLmpwZw,https://soundsmarket.com/anuncios/guitarra-electrica-sonora-52821,Guitarra eléctrica Sonora,95.00,soundmarket
guitarras,https://cdn.soundsmarket.com/XhcQ1d55GDyE3eKLFz7x48yfLIChoOYB__wLFJ_G2BI/rs:fill:175:144/g:sm/czM6Ly9zb3VuZHNtYXJrZXQtaW1hZ2VzL2Fkcy81MjgwNF9oaWdoLmpwZw,https://soundsmarket.com/anuncios/gretsch-streamliner-g2622t-52804,Gretsch Streamliner G2622T,525.00,soundmarket
guitarras,https://cdn.soundsmarket.com/Nh5eiMBLsqdCIbrjR4D6ZHHkiatMKkS38vnTYwKnE3g/rs:fill:175:144/g:sm/czM6Ly9zb3VuZHNtYXJrZXQtaW1hZ2VzL2Fkcy81Mjc2Ml9oaWdoLmpwZw,https://soundsmarket.com/anuncios/yamaha-revstar-rs502tfm-vintage-japanese-denim-52762,Yamaha Revstar RS502TFM Vintage Japanese Denim,550.00,soundmarket
guitarras,https://cdn.soundsmarket.com/MuMTwdNOMhrKgE77Zfa-Rz-QFIdnjzT3vFh9hVkCaHc/rs:fill:175:144/g:sm/czM6Ly9zb3VuZHNtYXJrZXQtaW1hZ2VzL2Fkcy81MjY5NF9oaWdoLmpwZw,https://soundsmarket.com/anuncios/stratocaster-big-sound-japon-52694,Stratocaster Big Sound Japon,390.00,soundmarket
guitarras,https://cdn.soundsmarket.com/1nw-sOYmFzWlfeMGAp8_PXoNPl2gB6qh7aQNRp6lPkI/rs:fill:175:144/g:sm/czM6Ly9zb3VuZHNtYXJrZXQtaW1hZ2VzL2Fkcy81MjY5Ml9oaWdoLmpwZw,https://soundsmarket.com/anuncios/stratocaster-kramer-52692,Stratocaster Kramer,190.00,soundmarket
guitarras,https://cdn.soundsmarket.com/c3DbAYgH6QjCFVtEznwSFQqAnDQgx-NXfIummY_XkAQ/rs:fill:175:144/g:sm/czM6Ly9zb3VuZHNtYXJrZXQtaW1hZ2VzL2Fkcy81MjU5N19oaWdoLmpwZw,https://soundsmarket.com/anuncios/fender-stratocaster-deluxe-usa-50th-anniversary-52597,Fender Stratocaster Deluxe Usa 50th Anniversary,1574.95,soundmarket
guitarras,https://cdn.soundsmarket.com/lSZVMY1KxzshVtYt5lGxvTUDDglzwEuXQ21mRceRnH8/rs:fill:175:144/g:sm/czM6Ly9zb3VuZHNtYXJrZXQtaW1hZ2VzL2Fkcy81MjUxMV9oaWdoLmpwZw,https://soundsmarket.com/anuncios/epiphone-special-52511,Epiphone Special,180.95,soundmarket
guitarras,https://cdn.soundsmarket.com/t_-Geo3qtnt4y1WSJwzAxCDf_M6_d7_NCAH-dkoNrtQ/rs:fill:175:144/g:sm/czM6Ly9zb3VuZHNtYXJrZXQtaW1hZ2VzL2Fkcy81MDg4Nl9oaWdoLmpwZw,https://soundsmarket.com/anuncios/guitarra-miniatura-mod-tom-petty-158-cm-50886,"Guitarra Miniatura. Mod. Tom Petty. 15,8 cm",15.00,soundmarket
guitarras,https://cdn.soundsmarket.com/hE5rLhNKW7NewbV2ZRbalOH2Oth3CdarjVACxYO_mzQ/rs:fill:175:144/g:sm/czM6Ly9zb3VuZHNtYXJrZXQtaW1hZ2VzL2Fkcy81MDg4NF9oaWdoLmpwZw,https://soundsmarket.com/anuncios/guitarra-en-miniatura-mod-kurt-cobain-nirvana-50884,Guitarra en Miniatura. Mod. Kurt Cobain (Nirvana).,15.00,soundmarket
guitarras,https://cdn.soundsmarket.com/opwndJVS58X7ov2kLKfPKaeBpHtPj2NRYRMfsDo_iI8/rs:fill:175:144/g:sm/czM6Ly9zb3VuZHNtYXJrZXQtaW1hZ2VzL2Fkcy81MjM5M19oaWdoLmpwZw,https://soundsmarket.com/anuncios/guitarra-modelo-squier-by-fender-52393,Guitarra modelo Squier by Fender,250.00,soundmarket
guitarras,https://cdn.soundsmarket.com/xYJtZl8T2tji4dIfqFtnsijGX5ODKuRZnfnXurJ1XyM/rs:fill:175:144/g:sm/czM6Ly9zb3VuZHNtYXJrZXQtaW1hZ2VzL2Fkcy81MjMyNV9oaWdoLmpwZw,https://soundsmarket.com/anuncios/aria-pro-ii-excel-series-xl-std-52325,Aria Pro Ii Excel Series Xl-Std,190.95,soundmarket
guitarras,https://cdn.soundsmarket.com/N2Rdzl3xFqqJyaa0EBFffW8P4h8wBs0rUmCqpqFJ18g/rs:fill:175:144/g:sm/czM6Ly9zb3VuZHNtYXJrZXQtaW1hZ2VzL2Fkcy81MjMyMV9oaWdoLmpwZw,https://soundsmarket.com/anuncios/ibanez-rg370dxz-52321,Ibanez Rg370dxz,253.95,soundmarket
guitarras,https://cdn.soundsmarket.com/NG65N6sX1O-pI5o5cEsnSQ_rgisFCc1vuHdLWkTqgpM/rs:fill:175:144/g:sm/czM6Ly9zb3VuZHNtYXJrZXQtaW1hZ2VzL2Fkcy81MjI5M19oaWdoLmpwZw,https://soundsmarket.com/anuncios/washburn-rx10-52293,Washburn RX10,200.00,soundmarket
guitarras,https://cdn.soundsmarket.com/H4byVoxYubXhnoyoqfmTFV2m2FJdKHl_PRqIPLjqdTw/rs:fill:175:144/g:sm/czM6Ly9zb3VuZHNtYXJrZXQtaW1hZ2VzL2Fkcy81MjIzNF9oaWdoLmpwZw,https://soundsmarket.com/anuncios/yamaha-rgx220dz-52234,Yamaha Rgx220dz,299.95,soundmarket
guitarras,https://cdn.soundsmarket.com/6gV1H_DWMvQ3f-D4tYQMVvGdBrZhWvY10VJBn5NcC7o/rs:fill:175:144/g:sm/czM6Ly9zb3VuZHNtYXJrZXQtaW1hZ2VzL2Fkcy81MjE4M19oaWdoLmpwZw,https://soundsmarket.com/anuncios/fender-jazzsmaster-60th-anniversary-52183,Fender Jazzsmaster 60th Anniversary,1000.00,soundmarket
guitarras,https://cdn.soundsmarket.com/ZHXkpTaXX8U49JAsWkNYjiT3dBc7_s8S9TnJ4p7fwbM/rs:fill:175:144/g:sm/czM6Ly9zb3VuZHNtYXJrZXQtaW1hZ2VzL2Fkcy81MjE3MF9oaWdoLmpwZw,https://soundsmarket.com/anuncios/gibson-faded-2008-52170,Gibson Faded 2008,818.95,soundmarket
guitarras,https://cdn.soundsmarket.com/_NIXyTpgCvQiV5UiZZt854_A8-_VKjYeNHvFQ3-7wco/rs:fill:175:144/g:sm/czM6Ly9zb3VuZHNtYXJrZXQtaW1hZ2VzL2Fkcy81MjE0NV9oaWdoLmpwZw,https://soundsmarket.com/anuncios/sterling-jp-60-52145,Sterling Jp 60,584.95,soundmarket
guitarras,https://cdn.soundsmarket.com/FS_N3zO-8ug7zw6T6Mv5x3Q9sGnTTYbYVgwUeYPbRDQ/rs:fill:175:144/g:sm/czM6Ly9zb3VuZHNtYXJrZXQtaW1hZ2VzL2Fkcy81MjEzN19oaWdoLmpwZw,https://soundsmarket.com/anuncios/mojo-guitars-52137,Mojo guitars,850.00,soundmarket
guitarras,https://cdn.soundsmarket.com/qD0ZX4vLGFEp4ciLn89pt0y0ZFstI4MRRhbT6H7wplM/rs:fill:175:144/g:sm/czM6Ly9zb3VuZHNtYXJrZXQtaW1hZ2VzL2Fkcy81MjExMV9oaWdoLmpwZw,https://soundsmarket.com/anuncios/samick-52111,Samick,190.95,soundmarket
guitarras,https://cdn.soundsmarket.com/Xdm0tAkHyjuGFpfZTdjKluxopkZWQRe9eTuHt_UZw6U/rs:fill:175:144/g:sm/czM6Ly9zb3VuZHNtYXJrZXQtaW1hZ2VzL2Fkcy81MTk5N19oaWdoLmpwZw,https://soundsmarket.com/anuncios/ibanez-gio-51997,Ibanez Gio,181.95,soundmarket
guitarras,https://cdn.soundsmarket.com/I-0EgAewYZBXbwvMMYLPTqvx14a2lnNNdXeeqwKi4Cg/rs:fill:175:144/g:sm/czM6Ly9zb3VuZHNtYXJrZXQtaW1hZ2VzL2Fkcy81MTk5Nl9oaWdoLmpwZw,https://soundsmarket.com/anuncios/guitarra-electrica-ashton-51996,Guitarra eléctrica Ashton,140.95,soundmarket
guitarras,https://cdn.soundsmarket.com/w1yrzZ39PNbLzlma2ct2ss2FdDDx-BfRYhU1Z2pk2Ss/rs:fill:175:144/g:sm/czM6Ly9zb3VuZHNtYXJrZXQtaW1hZ2VzL2Fkcy81MTk2Ml9oaWdoLmpwZw,https://soundsmarket.com/anuncios/escalofrio-ges-110-naranja-llama-51962,Escalofrío - GES 110 Naranja Llama,280.00,soundmarket
guitarras,https://cdn.soundsmarket.com/XvYOBKvuhbkx_vpdzJcXqG1Nm2hJRdHLE1GiW1ZilG0/rs:fill:175:144/g:sm/czM6Ly9zb3VuZHNtYXJrZXQtaW1hZ2VzL2Fkcy81MTk2MV9oaWdoLmpwZw,https://soundsmarket.com/anuncios/guitarra-electrica-ibanez-gsa60-bs-51961,Guitarra eléctrica Ibáñez GSA60-BS.,275.00,soundmarket
guitarras,https://cdn.soundsmarket.com/vrdwIherqJb761Of61A25EzpCFjiWv5lF_Qubf3Ltn8/rs:fill:175:144/g:sm/czM6Ly9zb3VuZHNtYXJrZXQtaW1hZ2VzL2Fkcy81MTk0NF9oaWdoLmpwZw,https://soundsmarket.com/anuncios/line-6-variax-300-51944,Line 6 Variax 300,450.00,soundmarket
guitarras,https://cdn.soundsmarket.com/Ikj-0msz40rIUYQjYma7CfAOjC7s6qPYd7zqPoRTzog/rs:fill:175:144/g:sm/czM6Ly9zb3VuZHNtYXJrZXQtaW1hZ2VzL2Fkcy81MTkwN19oaWdoLmpwZw,https://soundsmarket.com/anuncios/fender-vintera-strat-mod-60s-51907,Fender vintera strat mod 60s,500.00,soundmarket
guitarras,https://cdn.soundsmarket.com/EB1zfrCBQuTva1AAbDYGAmPfgxDVyG1X6m8iAm2_Ie8/rs:fill:175:144/g:sm/czM6Ly9zb3VuZHNtYXJrZXQtaW1hZ2VzL2Fkcy81MTg4NF9oaWdoLmpwZw,https://soundsmarket.com/anuncios/yamaha-pacifica-112j-51884,Yamaha Pacifica 112J,165.00,soundmarket
guitarras,https://cdn.soundsmarket.com/CzX_xCj1VR9oClHEZALB_bL-l3j8ph5DfFcqmHtKT9c/rs:fill:175:144/g:sm/czM6Ly9zb3VuZHNtYXJrZXQtaW1hZ2VzL2Fkcy81MTc2NF9oaWdoLmpwZw,https://soundsmarket.com/anuncios/eastman-ar805cr-con-estuche-51764,Eastman AR805CR con estuche,2100.00,soundmarket
guitarras,https://cdn.soundsmarket.com/ERGVITqGQuqCFtFVn7ABAAsYhA2ptZDmuulzgV8dkOc/rs:fill:175:144/g:sm/czM6Ly9zb3VuZHNtYXJrZXQtaW1hZ2VzL2Fkcy81MTcyM19oaWdoLmpwZw,https://soundsmarket.com/anuncios/vendo-guitarra-gibson-sg-standard-de-1991-51723,Vendo Guitarra Gibson SG Standard de 1991,1500.00,soundmarket
guitarras,https://cdn.soundsmarket.com/tibMZsA7tJWnezsvJ9hbAtYHYzZ6F_NtEwdGqiNF5hw/rs:fill:175:144/g:sm/czM6Ly9zb3VuZHNtYXJrZXQtaW1hZ2VzL2Fkcy81MTcyMV9oaWdoLmpwZw,https://soundsmarket.com/anuncios/hagstrom-ultra-max-51721,Hagstrom Ultra Max,490.00,soundmarket
guitarras,https://cdn.soundsmarket.com/TdiUcwHIeo02p4bXPrXD9CFYmaA-rOE4RXOOgoDPkns/rs:fill:175:144/g:sm/czM6Ly9zb3VuZHNtYXJrZXQtaW1hZ2VzL2Fkcy81MTY5OV9oaWdoLmpwZw,https://soundsmarket.com/anuncios/gibson-sg-standard-modelo-2022-51699,Gibson Sg Standard Modelo 2022,1000.00,soundmarket
guitarras,https://cdn.soundsmarket.com/AJhStVt0Yk5EQBnBfm20w6QQQsy8CL9azL_OE8rO_Nc/rs:fill:175:144/g:sm/czM6Ly9zb3VuZHNtYXJrZXQtaW1hZ2VzL2Fkcy81MTY1M19oaWdoLmpwZw,https://soundsmarket.com/anuncios/guitarra-electrica-para-zurdos-51653,Guitarra electrica para zurdos,180.00,soundmarket
guitarras,https://cdn.soundsmarket.com/AL2k3NaAULPzml3sJiwb7jxk6zMqE11OtVOdnp2gAKo/rs:fill:175:144/g:sm/czM6Ly9zb3VuZHNtYXJrZXQtaW1hZ2VzL2Fkcy81MTY0OF9oaWdoLmpwZw,https://soundsmarket.com/anuncios/guitarra-esp-e-ii-arrow-blk-51648,Guitarra ESP E-II Arrow BLK,1600.00,soundmarket
guitarras,https://cdn.soundsmarket.com/frLN17PxThJUnrfnjBCyXALLrFk7PzjRFDLWybYClig/rs:fill:175:144/g:sm/czM6Ly9zb3VuZHNtYXJrZXQtaW1hZ2VzL2Fkcy81MTYwNF9oaWdoLmpwZw,https://soundsmarket.com/anuncios/guitarra-fasan-holiday-de-1966-51604,Guitarra Fasan Holiday de 1966,3500.00,soundmarket
guitarras,https://cdn.soundsmarket.com/kGtzoqYGHimNPgIWklAP27KATsn4Z77DbRCL3xfSRa8/rs:fill:175:144/g:sm/czM6Ly9zb3VuZHNtYXJrZXQtaW1hZ2VzL2Fkcy81MTU5OV9oaWdoLmpwZw,https://soundsmarket.com/anuncios/les-paul-standard-del-98-zurdos-51599,Les Paul standard del 98 zurdos,2450.00,soundmarket
guitarras,https://cdn.soundsmarket.com/RkhhfKPbWllX_o1-p-xc9JU7Bb8QpkyBNoP6XJKa1hA/rs:fill:175:144/g:sm/czM6Ly9zb3VuZHNtYXJrZXQtaW1hZ2VzL2Fkcy81MTU5NV9oaWdoLmpwZw,https://soundsmarket.com/anuncios/standard-del-98-zurdos-51595,Standard del 98 zurdos,2500.00,soundmarket
guitarras,https://cdn.soundsmarket.com/0EaU9zQBCxpMCjrUE58TMI1N5q3g9Jd-mlHhZ3ZRDLc/rs:fill:175:144/g:sm/czM6Ly9zb3VuZHNtYXJrZXQtaW1hZ2VzL2Fkcy81MTU5NF9oaWdoLmpwZw,https://soundsmarket.com/anuncios/standard-del-98-zurdos-51594,Standard del 98 zurdos,2500.00,soundmarket
guitarras,https://cdn.soundsmarket.com/WU0qT3ug3N-V3nGidBO1oJdlJ-J6tzJs9XF3v5-SErE/rs:fill:175:144/g:sm/czM6Ly9zb3VuZHNtYXJrZXQtaW1hZ2VzL2Fkcy81MTU5M19oaWdoLmpwZw,https://soundsmarket.com/anuncios/les-paul-standard-del-98-zurdos-51593,Les Paul standard del 98 zurdos,2500.00,soundmarket
guitarras,https://cdn.soundsmarket.com/hofG9ewN6xU2aL3j9uoruNkcm1u04zKZ7NFFJl05DD4/rs:fill:175:144/g:sm/czM6Ly9zb3VuZHNtYXJrZXQtaW1hZ2VzL2Fkcy81MTU1MV9oaWdoLmpwZw,https://soundsmarket.com/anuncios/aria-pro-2-xr-1980-s-51551,Aria pro 2 xr 1980 s,200.00,soundmarket
guitarras,https://cdn.soundsmarket.com/D5nfygRUJz1i7aNgqM9ea1xZu-t_V63NMeYRTCjgYiU/rs:fill:175:144/g:sm/czM6Ly9zb3VuZHNtYXJrZXQtaW1hZ2VzL2Fkcy81MTQ5OF9oaWdoLmpwZw,https://soundsmarket.com/anuncios/guitarrapedaleraampliaccesorios-51498,Guitarra+Pedalera+Ampli+accesorios,300.00,soundmarket
guitarras,https://cdn.soundsmarket.com/eeillj6eqEyQeo9s7_XiW9LRIc5h5yG99JmArn1lTyU/rs:fill:175:144/g:sm/czM6Ly9zb3VuZHNtYXJrZXQtaW1hZ2VzL2Fkcy81MTQxN19oaWdoLmpwZw,https://soundsmarket.com/anuncios/pack-a-estrenar-guitarra-electrica-y-amplificador-51417,Pack a estrenar guitarra eléctrica y amplificador.,250.00,soundmarket
guitarras,https://cdn.soundsmarket.com/uae-C7mo7lXwH5sO6hs6HayPx5vwAFqEKoN-36MiflI/rs:fill:175:144/g:sm/czM6Ly9zb3VuZHNtYXJrZXQtaW1hZ2VzL2Fkcy81MTQxNl9oaWdoLmpwZw,https://soundsmarket.com/anuncios/stratocaster-del-79-51416,Stratocaster del 79,1600.00,soundmarket
guitarras,https://cdn.soundsmarket.com/FUf72PdsW7a3RY4mFKMRtE1uUZ0wCCDlAs_QLWfIbOA/rs:fill:175:144/g:sm/czM6Ly9zb3VuZHNtYXJrZXQtaW1hZ2VzL2Fkcy81MTM5NV9oaWdoLmpwZw,https://soundsmarket.com/anuncios/presentador-de-television-americano-51395,presentador de televisión americano,1200.00,soundmarket
guitarras,https://cdn.soundsmarket.com/dYpKSSW5ChhSMUmsELRf0a3w9AT661Ov-xLxgYglU64/rs:fill:175:144/g:sm/czM6Ly9zb3VuZHNtYXJrZXQtaW1hZ2VzL2Fkcy81MTI4NF9oaWdoLmpwZw,https://soundsmarket.com/anuncios/guitarra-vintage-v100it-51284,Guitarra Vintage V100IT,350.00,soundmarket
guitarras,https://cdn.soundsmarket.com/2krwaBTBeLE006BTI8z3B9JNta2lIOxAcgcHitzQmf0/rs:fill:175:144/g:sm/czM6Ly9zb3VuZHNtYXJrZXQtaW1hZ2VzL2Fkcy81MTI3OF9oaWdoLmpwZw,https://soundsmarket.com/anuncios/se-vende-por-el-no-uso-de-esta-guitarra-yamaha-51278,"Se vende por el no uso de esta, Guitarra YAMAHA",200.00,soundmarket
guitarras,https://cdn.soundsmarket.com/icjRwpf-Qmg7zwe_C3BSCYsrO5mYqQBxZVgijQxRo9o/rs:fill:175:144/g:sm/czM6Ly9zb3VuZHNtYXJrZXQtaW1hZ2VzL2Fkcy81MTI3MV9oaWdoLmpwZw,https://soundsmarket.com/anuncios/kramer-pacer-ft-202s-51271,Kramer Pacer Ft 202s,289.95,soundmarket
guitarras,https://cdn.soundsmarket.com/4GYuza5rPtcUElJ9QWaT4QfUYseNNCjYlnkUwdpqN34/rs:fill:175:144/g:sm/czM6Ly9zb3VuZHNtYXJrZXQtaW1hZ2VzL2Fkcy81MTI0MV9oaWdoLmpwZw,https://soundsmarket.com/anuncios/sire-t3-telecaster-51241,Sire T3 telecaster,350.00,soundmarket
guitarras,https://cdn.soundsmarket.com/Wff0t4e8VJ1KrPoQjjNr9QI_zW94jHf_4XatBboVvnw/rs:fill:175:144/g:sm/czM6Ly9zb3VuZHNtYXJrZXQtaW1hZ2VzL2Fkcy81MTExNl9oaWdoLmpwZw,https://soundsmarket.com/anuncios/squier-affinity-telecaster-butterscotch-blonde-51116,Squier Affinity Telecaster Butterscotch Blonde,150.00,soundmarket
guitarras,https://cdn.soundsmarket.com/DBtu2SFvkO2oYpEvPTa3RwvwHgzgMYah4cE90dXMOTQ/rs:fill:175:144/g:sm/czM6Ly9zb3VuZHNtYXJrZXQtaW1hZ2VzL2Fkcy81MTExNF9oaWdoLmpwZw,https://soundsmarket.com/anuncios/pack-guitarra-electrica-ibanez-y-amplificador-51114,Pack Guitarra eléctrica Ibanez y Amplificador,250.00,soundmarket
guitarras,https://cdn.soundsmarket.com/orIkkBpdkYWzrNA65LLg_kHwpJtioV0_Hp-lvGOUMWo/rs:fill:175:144/g:sm/czM6Ly9zb3VuZHNtYXJrZXQtaW1hZ2VzL2Fkcy81MTA5OF9oaWdoLmpwZw,https://soundsmarket.com/anuncios/yamaha-revstar-rs502t-51098,Yamaha Revstar RS502T,550.00,soundmarket
guitarras,https://cdn.soundsmarket.com/3gQBDSP2DM6x7HJ-n3_PzbRH69ir_hDdvFv3nOz3hsc/rs:fill:175:144/g:sm/czM6Ly9zb3VuZHNtYXJrZXQtaW1hZ2VzL2Fkcy81MTA3OV9oaWdoLmpwZw,https://soundsmarket.com/anuncios/squier-classic-vibe-50-51079,Squier Classic Vibe '50,300.00,soundmarket
guitarras,https://cdn.soundsmarket.com/FJq_LnL9WNnr5yGSfcCWr6uOuSI3pfGhQyvMGmFAdvQ/rs:fill:175:144/g:sm/czM6Ly9zb3VuZHNtYXJrZXQtaW1hZ2VzL2Fkcy80ODc0Nl9oaWdoLmpwZw,https://soundsmarket.com/anuncios/squier-paranormal-toronado-48746,Squier Paranormal Toronado,220.00,soundmarket
guitarras,https://cdn.soundsmarket.com/ljeQTLERv7BmObKnO28FzpSbZK6sF1Lt6gpyjDwYn-c/rs:fill:175:144/g:sm/czM6Ly9zb3VuZHNtYXJrZXQtaW1hZ2VzL2Fkcy81MDk3OV9oaWdoLmpwZw,https://soundsmarket.com/anuncios/ltd-ec-1000t-fm-hbs-50979,LTD EC-1000T FM HBS,1190.00,soundmarket
guitarras,https://cdn.soundsmarket.com/I7V0FvUPzmgv9NcaHOr42WnsOUh34mrfyTKHTb-YhSc/rs:fill:175:144/g:sm/czM6Ly9zb3VuZHNtYXJrZXQtaW1hZ2VzL2Fkcy81MDkzNl9oaWdoLmpwZw,https://soundsmarket.com/anuncios/fender-vintera-60s-stratocaster-50936,Fender Vintera 60’s Stratocaster,700.00,soundmarket
guitarras,https://cdn.soundsmarket.com/qXKq5OWU6nk2x9vo2iN205o7g3lvIRV-PgDxBb8BzzQ/rs:fill:175:144/g:sm/czM6Ly9zb3VuZHNtYXJrZXQtaW1hZ2VzL2Fkcy81MDY5NF9oaWdoLmpwZw,https://soundsmarket.com/anuncios/guitarra-electrica-amplificador-afinador-50694,GUITARRA ELÉCTRICA + AMPLIFICADOR + AFINADOR.,215.00,soundmarket
guitarras,https://cdn.soundsmarket.com/pZ-C7eyFsKFd2J3THe8y2OCNZWDxNmYPv80zBhwQa_A/rs:fill:175:144/g:sm/czM6Ly9zb3VuZHNtYXJrZXQtaW1hZ2VzL2Fkcy81MDc4MF9oaWdoLmpwZw,https://soundsmarket.com/anuncios/guitarra-semicaja-starfire-i-guild-50780,Guitarra semicaja STARFIRE I GUILD,355.00,soundmarket
guitarras,https://cdn.soundsmarket.com/Z07qyjKkoCUd9dAc7UTlLTeC9yUruBnFF-mdOX5IZlQ/rs:fill:175:144/g:sm/czM6Ly9zb3VuZHNtYXJrZXQtaW1hZ2VzL2Fkcy81MDY5MF9oaWdoLmpwZw,https://soundsmarket.com/anuncios/guitarra-ibanez-de-caja-50690,Guitarra Ibanez de caja,450.00,soundmarket
guitarras,https://cdn.soundsmarket.com/xIIbUGbFL0HQ-w99ZaeXSkXVRJ0SPWRx38dPKmjny8c/rs:fill:175:144/g:sm/czM6Ly9zb3VuZHNtYXJrZXQtaW1hZ2VzL2Fkcy81MDY3Ml9oaWdoLmpwZw,https://soundsmarket.com/anuncios/gibson-les-paul-studio-hi-performance-2016-50672,GIBSON LES PAUL STUDIO HI PERFORMANCE 2016,1200.00,soundmarket
guitarras,https://cdn.soundsmarket.com/VnmQn1ZovuM1LdDc4ra7h2-35GSyiYECZ0fVjm7yi0I/rs:fill:175:144/g:sm/czM6Ly9zb3VuZHNtYXJrZXQtaW1hZ2VzL2Fkcy81MDYxN19oaWdoLmpwZw,https://soundsmarket.com/anuncios/vox-bobcat-bc-s66-50617,Vox Bobcat Bc-S66,918.95,soundmarket
guitarras,https://cdn.soundsmarket.com/P0l7WlApJMjSJ7f627UoBd6rvjsEpoojwBIq0qiQXkU/rs:fill:175:144/g:sm/czM6Ly9zb3VuZHNtYXJrZXQtaW1hZ2VzL2Fkcy81MDU5Nl9oaWdoLmpwZw,https://soundsmarket.com/anuncios/sx-stratocaster-vtg-series-50596,SX STRATOCASTER VTG SERIES,290.00,soundmarket
guitarras,https://cdn.soundsmarket.com/46XeBupRDFGxOuvub24Gazc2YnffID7YNAACB4CwtNM/rs:fill:175:144/g:sm/czM6Ly9zb3VuZHNtYXJrZXQtaW1hZ2VzL2Fkcy81MDU5MV9oaWdoLmpwZw,https://soundsmarket.com/anuncios/fender-foto-flame-startocaster-mij-japon-50591,FENDER FOTO FLAME STARTOCASTER MIJ JAPON,999.00,soundmarket
guitarras,https://cdn.soundsmarket.com/EId77X8WlEKAT3DWlaQ-IXkzBUyOIdydU4NDBrIpKT0/rs:fill:175:144/g:sm/czM6Ly9zb3VuZHNtYXJrZXQtaW1hZ2VzL2Fkcy81MDUzMV9oaWdoLmpwZw,https://soundsmarket.com/anuncios/ibanez-prestige-rg1070pbz-1p-03-50531,Ibanez Prestige Rg1070pbz 1p-03,1018.95,soundmarket
guitarras,https://cdn.soundsmarket.com/BPwrEZ9QS1PVHuzdFQR_hcum3Xco8MMOj4q9Po_XWV0/rs:fill:175:144/g:sm/czM6Ly9zb3VuZHNtYXJrZXQtaW1hZ2VzL2Fkcy81MDUxNF9oaWdoLmpwZw,https://soundsmarket.com/anuncios/fender-stratocaster-am-standard-50514,Fender Stratocaster Am Standard,1200.00,soundmarket
guitarras,https://cdn.soundsmarket.com/aVeetZ1_N9zW8yXDcKC9Ya33mwJZDS0KUhuEs8xVYsw/rs:fill:175:144/g:sm/czM6Ly9zb3VuZHNtYXJrZXQtaW1hZ2VzL2Fkcy81MDQ5Nl9oaWdoLmpwZw,https://soundsmarket.com/anuncios/esp-ltd-kh-wz-kirk-hammet-white-zombie-firma-50496,ESP LTD KH WZ Kirk Hammet White Zombie Firma,1500.00,soundmarket
guitarras,https://cdn.soundsmarket.com/igQjY2zcmCPBdUyN7vxGPSiUllSwVrki2jvdDTlcr70/rs:fill:175:144/g:sm/czM6Ly9zb3VuZHNtYXJrZXQtaW1hZ2VzL2Fkcy81MDQxM19oaWdoLmpwZw,https://soundsmarket.com/anuncios/ibanez-rg565-50413,Ibanez Rg565,1200.95,soundmarket
guitarras,https://cdn.soundsmarket.com/vaOBj7iJAaYU1Pm4zvaaU3qXDKaaVaJRZNctBcvrV6Y/rs:fill:175:144/g:sm/czM6Ly9zb3VuZHNtYXJrZXQtaW1hZ2VzL2Fkcy80OTk3Nl9oaWdoLmpwZw,https://soundsmarket.com/anuncios/guitarra-electrica-ltd-ec-1000-deluxe-emg-black-49976,Guitarra eléctrica LTD EC-1000 DELUXE EMG BLACK,750.00,soundmarket
guitarras,https://cdn.soundsmarket.com/RR_lOiXvf-2T9a00tCX5iYNsRRsgkplZF2_oQ5m3bRk/rs:fill:175:144/g:sm/czM6Ly9zb3VuZHNtYXJrZXQtaW1hZ2VzL2Fkcy81MDM3OF9oaWdoLmpwZw,https://soundsmarket.com/anuncios/dean-hardtail-korea-2006-50378,Dean Hardtail Korea 2006,568.95,soundmarket
guitarras,https://cdn.soundsmarket.com/mAovHKXd34ItgYQLL1EJe9PIwDyJsFaXuGVu-753b_Y/rs:fill:175:144/g:sm/czM6Ly9zb3VuZHNtYXJrZXQtaW1hZ2VzL2Fkcy81MDMxNV9oaWdoLmpwZw,https://soundsmarket.com/anuncios/greco-50315,GRECO,754.00,soundmarket
guitarras,https://cdn.soundsmarket.com/KnOhdIYIqFCQ8yVwsDW4MKlK1u2BKsjQbWJmttTuAkQ/rs:fill:175:144/g:sm/czM6Ly9zb3VuZHNtYXJrZXQtaW1hZ2VzL2Fkcy81MDI2M19oaWdoLmpwZw,https://soundsmarket.com/anuncios/ibanez-grg7221-7-cuerdas-50263,Ibanez GRG7221 7 cuerdas,250.00,soundmarket
guitarras,https://cdn.soundsmarket.com/AD57KxIOwJMHXlofPixHm1D6azsDMQXHyQ2izGqPbHY/rs:fill:175:144/g:sm/czM6Ly9zb3VuZHNtYXJrZXQtaW1hZ2VzL2Fkcy81MDIyNF9oaWdoLmpwZw,https://soundsmarket.com/anuncios/guitarra-electrica-ephiphone-dot-50224,Guitarra eléctrica ephiphone dot,500.00,soundmarket
guitarras,https://cdn.soundsmarket.com/bSIfdKhp978IHx6K-eJeq4A4AfVeYnuR9CwFh5729Wk/rs:fill:175:144/g:sm/czM6Ly9zb3VuZHNtYXJrZXQtaW1hZ2VzL2Fkcy81MDE0N19oaWdoLmpwZw,https://soundsmarket.com/anuncios/guitarra-electrica-epiphone-50147,Guitarra eléctrica Epiphone,300.00,soundmarket
guitarras,https://cdn.soundsmarket.com/uD0qB3W4vHBAzJofXhdbSOkAwpOy6a8DD-x3SfeGM3c/rs:fill:175:144/g:sm/czM6Ly9zb3VuZHNtYXJrZXQtaW1hZ2VzL2Fkcy81MDE0NV9oaWdoLmpwZw,https://soundsmarket.com/anuncios/guitarra-electrica-ibanez-50145,Guitarra Eléctrica Ibanez,250.00,soundmarket
guitarras,https://cdn.soundsmarket.com/1n_mJ1WF_Kymzh_uywq8TEDISNKVKWyyd-BFaeof9yA/rs:fill:175:144/g:sm/czM6Ly9zb3VuZHNtYXJrZXQtaW1hZ2VzL2Fkcy81MDA2N19oaWdoLmpwZw,https://soundsmarket.com/anuncios/guitarra-electrica-signature-herman-li-ibanez-50067,Guitarra Eléctrica Signature Herman Li (Ibanez),350.00,soundmarket
guitarras,https://cdn.soundsmarket.com/vxxGyAnLghMShTahpL02iglOB-PNXVQebM0dmqj1B8w/rs:fill:175:144/g:sm/czM6Ly9zb3VuZHNtYXJrZXQtaW1hZ2VzL2Fkcy80OTk3NV9oaWdoLmpwZw,https://soundsmarket.com/anuncios/sc550-plus-emg-paf-49975,sc550 plus emg paf,250.00,soundmarket
guitarras,https://cdn.soundsmarket.com/ZUm3N61YtDAb1Jm_nuSZFY9xIfPlnW8FwhTpUwFFjKM/rs:fill:175:144/g:sm/czM6Ly9zb3VuZHNtYXJrZXQtaW1hZ2VzL2Fkcy80OTk3M19oaWdoLmpwZw,https://soundsmarket.com/anuncios/stratocaster-americana-49973,Stratocaster Americana,1200.00,soundmarket
guitarras,https://cdn.soundsmarket.com/k-_9fTp4clD9iBSGDN2A9WMAHbXaw7zPq8o0Z875xzQ/rs:fill:175:144/g:sm/czM6Ly9zb3VuZHNtYXJrZXQtaW1hZ2VzL2Fkcy80ODQ4OV9oaWdoLmpwZw,https://soundsmarket.com/anuncios/stratocaster-50-aniversario-48489,Stratocaster 50 aniversario,1200.00,soundmarket
guitarras,https://cdn.soundsmarket.com/aLRmC23EU5dz0RSdA_8ZENGjl1U6cM9MczRs2SG_aqA/rs:fill:175:144/g:sm/czM6Ly9zb3VuZHNtYXJrZXQtaW1hZ2VzL2Fkcy80OTQ0OV9oaWdoLmpwZw,https://soundsmarket.com/anuncios/guitarra-barncaster-49449,Guitarra bárncaster,700.00,soundmarket
guitarras,https://cdn.soundsmarket.com/yHwj0DWRhMubUwyw04PWbrCka5OqCMvwd29chPCXssY/rs:fill:175:144/g:sm/czM6Ly9zb3VuZHNtYXJrZXQtaW1hZ2VzL2Fkcy80OTQzNV9oaWdoLmpwZw,https://soundsmarket.com/anuncios/jackson-custom-shop-49435,JACKSON CUSTOM SHOP,2500.00,soundmarket
guitarras,https://cdn.soundsmarket.com/b_Op3c98fldXNzuk-jBAqtUSvT98aZT1NDq3rc4BQl0/rs:fill:175:144/g:sm/czM6Ly9zb3VuZHNtYXJrZXQtaW1hZ2VzL2Fkcy80OTMyMF9oaWdoLmpwZw,https://soundsmarket.com/anuncios/vendo-gibson-es-175-del-ano-1994-49320,Vendo Gibson ES 175 del año 1994,4000.00,soundmarket
guitarras,https://cdn.soundsmarket.com/zZ7YpAC2hGhV-gRDgD93G2CYZ52XlN5XAJO9y13m6zg/rs:fill:175:144/g:sm/czM6Ly9zb3VuZHNtYXJrZXQtaW1hZ2VzL2Fkcy80OTE4OF9oaWdoLmpwZw,https://soundsmarket.com/anuncios/vendo-squier-telecaster-gunmetal-49188,Vendo Squier Telecaster GunMetal,315.00,soundmarket
guitarras,https://cdn.soundsmarket.com/7qom4K84gJTEkV7o9I9hOJwNq8GKDgsEDnR4bKQixhw/rs:fill:175:144/g:sm/czM6Ly9zb3VuZHNtYXJrZXQtaW1hZ2VzL2Fkcy80OTEzN19oaWdoLmpwZw,https://soundsmarket.com/anuncios/telecaster-vintage-reissued-v75-laguna-blue-49137,Telecaster Vintage Reissued V75 Laguna Blue,320.00,soundmarket
guitarras,https://cdn.soundsmarket.com/kVGUK9mcY-i8YtE6nuhUrkyTudrVqErYHq_MK37PH7E/rs:fill:175:144/g:sm/czM6Ly9zb3VuZHNtYXJrZXQtaW1hZ2VzL2Fkcy80OTEzNF9oaWdoLmpwZw,https://soundsmarket.com/anuncios/vendo-schecter-km-7-mkiii-hybrid-un-guitarron-sig-49134,"vendo schecter km 7 MKIII hybrid, un guitarrón sig",1600.00,soundmarket
guitarras,https://cdn.soundsmarket.com/vBb8LNzMpOF88rHDLLfZtie9MAgTgci6TtHZOINgDhY/rs:fill:175:144/g:sm/czM6Ly9zb3VuZHNtYXJrZXQtaW1hZ2VzL2Fkcy80OTAyNl9oaWdoLmpwZw,https://soundsmarket.com/anuncios/vendo-dos-guitarras-49026,Vendo dos guitarras,450.00,soundmarket
guitarras,https://cdn.soundsmarket.com/_8jdnBbI_TPETZy17dyspWdqI78Z8BXXua9ny4Gu2Qs/rs:fill:175:144/g:sm/czM6Ly9zb3VuZHNtYXJrZXQtaW1hZ2VzL2Fkcy80ODg3MF9oaWdoLmpwZw,https://soundsmarket.com/anuncios/kit-experimental-48870,Kit experimental,300.00,soundmarket
guitarras,https://cdn.soundsmarket.com/pR3IUmpmomQF_WJClbDLynHEI9l4Ns2QKEdBxm-WF3A/rs:fill:175:144/g:sm/czM6Ly9zb3VuZHNtYXJrZXQtaW1hZ2VzL2Fkcy80ODc5NF9oaWdoLmpwZw,https://soundsmarket.com/anuncios/homenaje-a-les-paul-48794,Homenaje a Les Paul,850.00,soundmarket
guitarras,https://cdn.soundsmarket.com/DkHPmNXrKQ-KmLG6ue_6zLQHUtu_HDrxaedKUm3RFts/rs:fill:175:144/g:sm/czM6Ly9zb3VuZHNtYXJrZXQtaW1hZ2VzL2Fkcy80ODc5Ml9oaWdoLmpwZw,https://soundsmarket.com/anuncios/homenaje-a-les-paul-48792,Homenaje a Les Paul,850.00,soundmarket
guitarras,https://cdn.soundsmarket.com/LWJjFtl6Jdw4GjXm4Hu70efXUQ5kraIhzbublwP6m1Q/rs:fill:175:144/g:sm/czM6Ly9zb3VuZHNtYXJrZXQtaW1hZ2VzL2Fkcy80ODc5MV9oaWdoLmpwZw,https://soundsmarket.com/anuncios/homenaje-a-les-paul-48791,Homenaje a Les Paul,850.00,soundmarket
guitarras,https://cdn.soundsmarket.com/1ws2vl3IsXnvkZ_v9SpZ_Jxo-DMrwzhEhjQu-eHD_Vo/rs:fill:175:144/g:sm/czM6Ly9zb3VuZHNtYXJrZXQtaW1hZ2VzL2Fkcy80ODY4N19oaWdoLmpwZw,https://soundsmarket.com/anuncios/guitarra-electrica-de-luthier-jl-48687,Guitarra eléctrica de luthier JL,1800.00,soundmarket
guitarras,https://cdn.soundsmarket.com/0Vs6E6CvR1MALph9GmhudjRApMKBjfEZ4nyCc11ymGM/rs:fill:175:144/g:sm/czM6Ly9zb3VuZHNtYXJrZXQtaW1hZ2VzL2Fkcy80NzczMF9oaWdoLmpwZw,https://soundsmarket.com/anuncios/fender-telecaster-ltd-ed-thinline-super-deluxe-47730,Fender Telecaster ltd ed Thinline super deluxe,1850.00,soundmarket
guitarras,https://cdn.soundsmarket.com/HrJ24SNts97JsqLrGU-h1to48rW30dTXbuRmxGMxO6c/rs:fill:175:144/g:sm/czM6Ly9zb3VuZHNtYXJrZXQtaW1hZ2VzL2Fkcy80ODYwNF9oaWdoLmpwZw,https://soundsmarket.com/anuncios/gibson-sgj-2013-chocolate-satin-48604,GIBSON SGJ 2013 - CHOCOLATE SATIN,729.00,soundmarket
guitarras,https://cdn.soundsmarket.com/kCmdCGKeBD1veCIClWcSO_8Xe1UoWXzLgwmzZD_-jL8/rs:fill:175:144/g:sm/czM6Ly9zb3VuZHNtYXJrZXQtaW1hZ2VzL2Fkcy80ODUxMF9oaWdoLmpwZw,https://soundsmarket.com/anuncios/guitarra-ibanez-as-153-ays-48510,GUITARRA IBANEZ AS -153-AYS,700.00,soundmarket
guitarras,https://cdn.soundsmarket.com/PJfNoB6Ayzbde9xMY2DuySbNlZ1HJwTiFNGm0NzZQEE/rs:fill:175:144/g:sm/czM6Ly9zb3VuZHNtYXJrZXQtaW1hZ2VzL2Fkcy80ODQzOF9oaWdoLmpwZw,https://soundsmarket.com/anuncios/line6-variax-48438,Line6 Variax,568.00,soundmarket
guitarras,https://cdn.soundsmarket.com/J2ZJZahUDkkfZQ0_Kq9jf6SCahIijCCVf0ydkqrAnJI/rs:fill:175:144/g:sm/czM6Ly9zb3VuZHNtYXJrZXQtaW1hZ2VzL2Fkcy80ODQwNl9oaWdoLmpwZw,https://soundsmarket.com/anuncios/guitarra-electrica-epiphone-les-paul-special-ii-48406,Guitarra Eléctrica Epiphone Les Paul Special II,240.00,soundmarket
guitarras,https://cdn.soundsmarket.com/LZ4eQ5jyXq1okvdIxY2JNC23VDpyHUVaNSYcXO67KGc/rs:fill:175:144/g:sm/czM6Ly9zb3VuZHNtYXJrZXQtaW1hZ2VzL2Fkcy80ODM1N19oaWdoLmpwZw,https://soundsmarket.com/anuncios/ashton-ag232m-48357,Ashton Ag232m,233.00,soundmarket
guitarras,https://cdn.soundsmarket.com/hwXLWrTRf_cZXEDVVmeL5pxSVDUCEGNTJi__ek250vQ/rs:fill:175:144/g:sm/czM6Ly9zb3VuZHNtYXJrZXQtaW1hZ2VzL2Fkcy80ODM0N19oaWdoLmpwZw,https://soundsmarket.com/anuncios/guitarra-electrica-aria-pro-junto-con-amplificador-48347,guitarra eléctrica Aria pro junto con amplificador,200.00,soundmarket
guitarras,https://cdn.soundsmarket.com/6eeiHR5fvnEE4A5axR9AvwAySdvbpqY_l8AayAJmFc4/rs:fill:175:144/g:sm/czM6Ly9zb3VuZHNtYXJrZXQtaW1hZ2VzL2Fkcy80ODM0NF9oaWdoLmpwZw,https://soundsmarket.com/anuncios/stratocaster-yamaha-pacifica-112v-48344,Stratocaster Yamaha Pacifica 112V,270.00,soundmarket
guitarras,https://cdn.soundsmarket.com/2g1dCtxwKm4Iw-bQTBlTTgea30C-ScDqRsD_gAzj504/rs:fill:175:144/g:sm/czM6Ly9zb3VuZHNtYXJrZXQtaW1hZ2VzL2Fkcy80ODMwMF9oaWdoLmpwZw,https://soundsmarket.com/anuncios/fender-stratocaster-with-synchronized-tremolo-48300,Fender Stratocaster with Synchronized Tremolo,5000.00,soundmarket
guitarras,https://cdn.soundsmarket.com/ZenT0HBOHWWyiXEYQZJZqegHjsKbxlSRqPJLI0kD2Jg/rs:fill:175:144/g:sm/czM6Ly9zb3VuZHNtYXJrZXQtaW1hZ2VzL2Fkcy80ODI3OV9oaWdoLmpwZw,https://soundsmarket.com/anuncios/guitarra-tokai-love-rock-48279,Guitarra Tokai Love Rock,790.00,soundmarket
guitarras,https://cdn.soundsmarket.com/PAuoqs8gueZi-FUvyQeAzSQRtJ-80iPH5CzlhlhTSZ8/rs:fill:175:144/g:sm/czM6Ly9zb3VuZHNtYXJrZXQtaW1hZ2VzL2Fkcy80ODI3OF9oaWdoLmpwZw,https://soundsmarket.com/anuncios/ibanez-rg321-mh-negra-mate-de-2008-48278,Ibanez RG321 MH negra mate de 2008,470.00,soundmarket
guitarras,https://cdn.soundsmarket.com/qgIPayhacu4i78B-o2rvHG3BuwvcPFBDR1tM-y-bmTs/rs:fill:175:144/g:sm/czM6Ly9zb3VuZHNtYXJrZXQtaW1hZ2VzL2Fkcy80ODI2N19oaWdoLmpwZw,https://soundsmarket.com/anuncios/yamaha-pacifica-012-bicolor-48267,YAMAHA PACIFICA 012 BICOLOR,301.00,soundmarket
guitarras,https://cdn.soundsmarket.com/3PMp2SVuH_mEF7nxVu3CDyvQssrd4ysPR741McZFUu8/rs:fill:175:144/g:sm/czM6Ly9zb3VuZHNtYXJrZXQtaW1hZ2VzL2Fkcy80ODIxM19oaWdoLmpwZw,https://soundsmarket.com/anuncios/ibanez-js2400-joe-satriani-48213,Ibáñez JS2400 Joe Satriani,700.00,soundmarket
guitarras,https://cdn.soundsmarket.com/7MbQR8QaxS70S6s5cIEz8x6B166sPcII5ho6zJcJHJM/rs:fill:175:144/g:sm/czM6Ly9zb3VuZHNtYXJrZXQtaW1hZ2VzL2Fkcy80ODIwOV9oaWdoLmpwZw,https://soundsmarket.com/anuncios/framus-d-series-panthera-supreme-nirvana-black-t-48209,Framus D-Series Panthera Supreme – Nirvana Black T,650.00,soundmarket
guitarras,https://cdn.soundsmarket.com/IE2veXw3pG3dQ61VDXlxmxB2fmUE0lKO70J3CaVbQFI/rs:fill:175:144/g:sm/czM6Ly9zb3VuZHNtYXJrZXQtaW1hZ2VzL2Fkcy80Nzk3N19oaWdoLmpwZw,https://soundsmarket.com/anuncios/epiphone-sc-450-scroll-1977-walnut-47977,Epiphone SC-450 Scroll 1977 - Walnut,1200.00,soundmarket
guitarras,https://cdn.soundsmarket.com/vgbD87rO-U410TuRxMzrx0eaIOkAGCWMLOsTIw3oxmQ/rs:fill:175:144/g:sm/czM6Ly9zb3VuZHNtYXJrZXQtaW1hZ2VzL2Fkcy80Nzk2NV9oaWdoLmpwZw,https://soundsmarket.com/anuncios/fender-custom-shop-masterconstruido-todd-krause-clapton-47965,Fender Custom Shop Masterconstruido Todd Krause Clapton,3300.00,soundmarket
guitarras,https://cdn.soundsmarket.com/DnqS8tzOwbyoes9l4Xzu30rxdB5aba3Hrob5uYSG3kI/rs:fill:175:144/g:sm/czM6Ly9zb3VuZHNtYXJrZXQtaW1hZ2VzL2Fkcy80NzkyN19oaWdoLmpwZw,https://soundsmarket.com/anuncios/guitarra-ibanez-rg2550z-prestigio-47927,guitarra ibanez rg2550z prestigio,400.00,soundmarket
guitarras,https://cdn.soundsmarket.com/7Hq_jpOmX0jZBvREIFUUJaScjU0C828CXxojFjoL0og/rs:fill:175:144/g:sm/czM6Ly9zb3VuZHNtYXJrZXQtaW1hZ2VzL2Fkcy80NzkwOV9oaWdoLmpwZw,https://soundsmarket.com/anuncios/esp-ltd-ec-1000-korea-47909,Esp LTD EC-1000 KOREA,850.00,soundmarket
guitarras,https://cdn.soundsmarket.com/CvNdLHbkDSWPsI1z486SXPUWCnTprNlVZCoL6s7z01c/rs:fill:175:144/g:sm/czM6Ly9zb3VuZHNtYXJrZXQtaW1hZ2VzL2Fkcy80NzY0M19oaWdoLmpwZw,https://soundsmarket.com/anuncios/guitarra-electricafunda-47643,Guitarra eléctrica+funda,150.00,soundmarket
guitarras,https://cdn.soundsmarket.com/KDMYBGD4sAGpqB09F84J31L0oBosTjSZiQtOMTpq0Zs/rs:fill:175:144/g:sm/czM6Ly9zb3VuZHNtYXJrZXQtaW1hZ2VzL2Fkcy80NzQ1MF9oaWdoLmpwZw,https://soundsmarket.com/anuncios/gibson-les-paul-new-century-47450,Gibson Les Paul New Century,950.00,soundmarket
guitarras,https://cdn.soundsmarket.com/KFTsrN9aafLiqmpQOKoHu7aCvRApq9K5bIAmVZu7jG8/rs:fill:175:144/g:sm/czM6Ly9zb3VuZHNtYXJrZXQtaW1hZ2VzL2Fkcy80NzMwNl9oaWdoLmpwZw,https://soundsmarket.com/anuncios/guitarra-electrica-stragg-47306,Guitarra eléctrica Stragg,500.00,soundmarket
guitarras,https://cdn.soundsmarket.com/o6fOwSpaGynH3ruwZT2ZASzhlJgF6JYWQbt7WoX6em0/rs:fill:175:144/g:sm/czM6Ly9zb3VuZHNtYXJrZXQtaW1hZ2VzL2Fkcy80NzI2NF9oaWdoLmpwZw,https://soundsmarket.com/anuncios/lote-de-9-guitarras-electricas-ltd-47264,Lote de 9 guitarras eléctricas LTD,7000.00,soundmarket
guitarras,https://cdn.soundsmarket.com/YpoHUNyjkGOXR1WuAPyV01FOWSbiPETgm4n5z_qM0mA/rs:fill:175:144/g:sm/czM6Ly9zb3VuZHNtYXJrZXQtaW1hZ2VzL2Fkcy80NzI2MF9oaWdoLmpwZw,https://soundsmarket.com/anuncios/guitarra-2012-gl-asat-usa-telecaster-47260,guitarra 2012 g&l asat usa telecaster,500.00,soundmarket
guitarras,https://cdn.soundsmarket.com/E05aQzV2PrjbNRJIhHnVq2TJtbnIb3cqWkRzNBakEu8/rs:fill:175:144/g:sm/czM6Ly9zb3VuZHNtYXJrZXQtaW1hZ2VzL2Fkcy80NzI1OV9oaWdoLmpwZw,https://soundsmarket.com/anuncios/fender-bass-vi-baritono-edicion-limitada-47259,FENDER BASS VI Barítono - Edición limitada,600.00,soundmarket
guitarras,https://cdn.soundsmarket.com/BB1wBysnxDFa_tKo4rbvDgDo_R-wBYCo1Gs3HFFokUU/rs:fill:175:144/g:sm/czM6Ly9zb3VuZHNtYXJrZXQtaW1hZ2VzL2Fkcy80NzE2OV9oaWdoLmpwZw,https://soundsmarket.com/anuncios/behringer-iaxe-629-47169,Behringer Iaxe 629,455.95,soundmarket
guitarras,https://cdn.soundsmarket.com/jsg2qgGEoUR0_N_ifn-YhqtDBLKjk6DwxIv_T-ZNOTM/rs:fill:175:144/g:sm/czM6Ly9zb3VuZHNtYXJrZXQtaW1hZ2VzL2Fkcy80NjU3NF9oaWdoLmpwZw,https://soundsmarket.com/anuncios/se-vende-fender-vintera-50-46574,Se vende fender vintera 50,800.00,soundmarket
guitarras,https://cdn.soundsmarket.com/MWQjNLw756jLPpnyAOXuiIsJY2segGV2c-Mx3o8eXG4/rs:fill:175:144/g:sm/czM6Ly9zb3VuZHNtYXJrZXQtaW1hZ2VzL2Fkcy80NjcxNV9oaWdoLmpwZw,https://soundsmarket.com/anuncios/guitarra-electrica-lrg-modelo-street-fighter-46715,Guitarra eléctrica LRG modelo Street Fighter,800.00,soundmarket
guitarras,https://cdn.soundsmarket.com/21kxgTM9AnVpJCJGsKsBOjEGbOxm9DtvGDLJDwuhTVU/rs:fill:175:144/g:sm/czM6Ly9zb3VuZHNtYXJrZXQtaW1hZ2VzL2Fkcy80NjcxNF9oaWdoLmpwZw,https://soundsmarket.com/anuncios/lrg-modelo-ritual-46714,LRG modelo Ritual,800.00,soundmarket
guitarras,https://cdn.soundsmarket.com/kwIU3zoF8bLoFyIzJc2HETOni30ZO9I7btv4XmFKlNo/rs:fill:175:144/g:sm/czM6Ly9zb3VuZHNtYXJrZXQtaW1hZ2VzL2Fkcy80NjcxM19oaWdoLmpwZw,https://soundsmarket.com/anuncios/lrg-modelo-gore-46713,LRG modelo Gore,800.00,soundmarket
guitarras,https://cdn.soundsmarket.com/EuHuxIcIKy2EUHwhsNl7sb5KqRwymMuJ4mvWI2k6Ldk/rs:fill:175:144/g:sm/czM6Ly9zb3VuZHNtYXJrZXQtaW1hZ2VzL2Fkcy80NjcwMF9oaWdoLmpwZw,https://soundsmarket.com/anuncios/guitarra-electrica-inspirada-en-doom-eternal-lrg-46700,Guitarra eléctrica inspirada en Doom Eternal LRG,1800.00,soundmarket
guitarras,https://cdn.soundsmarket.com/7DDpHZaqotwi8PJ3_byJ6FBIKYWN_amK0baN379GYo4/rs:fill:175:144/g:sm/czM6Ly9zb3VuZHNtYXJrZXQtaW1hZ2VzL2Fkcy80NjMxOV9oaWdoLmpwZw,https://soundsmarket.com/anuncios/washburn-mg700-mercury-ii-90-46319,Washburn MG700 MERCURY II '90,450.00,soundmarket
